Date,Close,High,Low,Open,Volume
,^AXJO,^AXJO,^AXJO,^AXJO,^AXJO
2018-01-02,6061.2998046875,6074.10009765625,6035.7998046875,6065.10009765625,0
2018-01-03,6070.39990234375,6082.2998046875,6060.7998046875,6061.2998046875,0
2018-01-04,6077.10009765625,6102.2001953125,6068.7998046875,6070.39990234375,0
2018-01-05,6122.2998046875,6124.7998046875,6077.10009765625,6077.10009765625,0
2018-01-08,6130.39990234375,6143.0,6122.2998046875,6122.2998046875,0
2018-01-09,6135.7998046875,6149.60009765625,6130.39990234375,6130.39990234375,0
2018-01-10,6096.7001953125,6150.0,6096.5,6135.7998046875,0
2018-01-11,6067.60009765625,6097.10009765625,6053.89990234375,6096.7001953125,0
2018-01-12,6070.10009765625,6086.0,6067.60009765625,6067.60009765625,0
2018-01-15,6077.10009765625,6103.60009765625,6070.10009765625,6070.10009765625,0
2018-01-16,6048.60009765625,6077.7998046875,6042.0,6077.10009765625,0
2018-01-17,6015.7998046875,6048.60009765625,6012.89990234375,6048.60009765625,0
2018-01-18,6014.60009765625,6035.60009765625,6014.60009765625,6015.7998046875,0
2018-01-19,6005.7998046875,6028.7001953125,6002.2001953125,6014.60009765625,0
2018-01-22,5991.89990234375,6017.7998046875,5991.89990234375,6005.7998046875,0
2018-01-23,6037.0,6041.0,5991.89990234375,5991.89990234375,0
2018-01-24,6054.7001953125,6066.2998046875,6036.2001953125,6037.0,0
2018-01-25,6050.0,6056.0,6029.10009765625,6054.7001953125,0
2018-01-29,6075.39990234375,6090.2001953125,6050.0,6050.0,0
2018-01-30,6022.7998046875,6075.39990234375,6016.5,6075.39990234375,0
2018-01-31,6037.7001953125,6043.7001953125,5993.60009765625,6022.7998046875,0
2018-02-01,6090.10009765625,6093.60009765625,6037.7001953125,6037.7001953125,0
2018-02-02,6121.39990234375,6121.39990234375,6077.7998046875,6090.10009765625,0
2018-02-05,6026.2001953125,6121.39990234375,6013.2001953125,6121.39990234375,0
2018-02-06,5833.2998046875,6026.2001953125,5795.89990234375,6026.2001953125,0
2018-02-07,5876.7998046875,5938.60009765625,5833.2998046875,5833.2998046875,0
2018-02-08,5890.7001953125,5893.60009765625,5838.10009765625,5876.7998046875,0
2018-02-09,5838.0,5890.7001953125,5786.7998046875,5890.7001953125,0
2018-02-12,5820.7001953125,5840.5,5791.2998046875,5838.0,0
2018-02-13,5855.89990234375,5860.2001953125,5814.89990234375,5820.7001953125,0
2018-02-14,5841.2001953125,5868.10009765625,5830.7998046875,5855.89990234375,0
2018-02-15,5909.0,5913.10009765625,5841.2001953125,5841.2001953125,0
2018-02-16,5904.0,5938.10009765625,5902.2998046875,5909.0,0
2018-02-19,5941.60009765625,5949.60009765625,5890.2001953125,5904.39990234375,7891300
2018-02-20,5940.89990234375,5942.2998046875,5912.7001953125,5941.60009765625,0
2018-02-21,5943.7001953125,5955.2001953125,5920.2001953125,5940.89990234375,0
2018-02-22,5950.89990234375,5973.10009765625,5928.2998046875,5943.7001953125,0
2018-02-23,5999.7998046875,6003.39990234375,5950.89990234375,5950.89990234375,0
2018-02-26,6042.2001953125,6042.2001953125,5999.7998046875,5999.7998046875,0
2018-02-27,6056.89990234375,6083.0,6042.2001953125,6042.2001953125,0
2018-02-28,6016.0,6056.89990234375,6012.60009765625,6056.89990234375,0
2018-03-01,5973.2998046875,6016.0,5957.5,6016.0,0
2018-03-02,5928.89990234375,5973.2998046875,5902.2001953125,5973.2998046875,0
2018-03-05,5959.5,5960.2001953125,5895.0,5895.0,34463900
2018-03-06,5962.39990234375,5979.5,5895.0,5895.0,0
2018-03-07,5902.0,5962.39990234375,5895.2998046875,5962.39990234375,0
2018-03-08,5942.89990234375,5942.89990234375,5895.60009765625,5902.0,0
2018-03-09,5963.2001953125,5978.39990234375,5942.10009765625,5942.89990234375,0
2018-03-12,5996.10009765625,6026.10009765625,5971.2998046875,5971.2998046875,0
2018-03-13,5974.7001953125,5996.10009765625,5949.60009765625,5996.10009765625,0
2018-03-14,5935.2998046875,5974.7001953125,5922.7998046875,5974.7001953125,0
2018-03-15,5920.7998046875,5935.2998046875,5906.10009765625,5935.2998046875,0
2018-03-16,5949.39990234375,5952.7001953125,5920.89990234375,5920.89990234375,0
2018-03-19,5959.39990234375,5982.5,5933.5,5949.39990234375,0
2018-03-20,5936.39990234375,5959.39990234375,5915.60009765625,5959.39990234375,0
2018-03-21,5950.2998046875,5963.0,5934.7001953125,5936.39990234375,0
2018-03-22,5937.2001953125,5958.2998046875,5909.10009765625,5950.2998046875,0
2018-03-23,5820.7001953125,5937.2001953125,5808.10009765625,5937.2001953125,0
2018-03-26,5790.5,5820.7001953125,5773.2998046875,5820.7001953125,0
2018-03-27,5832.2998046875,5837.5,5790.5,5790.5,0
2018-03-28,5789.5,5832.2998046875,5781.60009765625,5832.2998046875,0
2018-03-29,5759.39990234375,5804.2998046875,5752.7001953125,5789.5,0
2018-04-03,5751.89990234375,5766.0,5724.7998046875,5759.39990234375,0
2018-04-04,5761.39990234375,5764.2998046875,5728.7998046875,5751.89990234375,0
2018-04-05,5788.7998046875,5806.0,5761.39990234375,5761.39990234375,0
2018-04-06,5788.7001953125,5799.2001953125,5761.89990234375,5788.7998046875,0
2018-04-09,5808.7001953125,5816.60009765625,5771.10009765625,5788.7001953125,0
2018-04-10,5857.0,5857.7998046875,5785.7001953125,5808.7001953125,0
2018-04-11,5828.7001953125,5864.0,5825.2998046875,5857.0,0
2018-04-12,5815.5,5837.89990234375,5801.5,5828.7001953125,0
2018-04-13,5829.10009765625,5844.7001953125,5815.5,5815.5,0
2018-04-16,5841.2998046875,5867.60009765625,5829.10009765625,5829.10009765625,0
2018-04-17,5841.5,5871.10009765625,5841.2998046875,5841.2998046875,0
2018-04-18,5861.39990234375,5864.7998046875,5841.5,5841.5,0
2018-04-19,5881.0,5902.89990234375,5861.39990234375,5861.39990234375,0
2018-04-20,5868.7998046875,5887.0,5862.7001953125,5881.0,0
2018-04-23,5886.0,5894.7001953125,5868.7998046875,5868.7998046875,0
2018-04-24,5921.60009765625,5928.7998046875,5879.60009765625,5886.0,0
2018-04-26,5910.7998046875,5938.7998046875,5903.10009765625,5921.60009765625,0
2018-04-27,5953.60009765625,5953.60009765625,5910.7998046875,5910.7998046875,0
2018-04-30,5982.7001953125,5991.10009765625,5945.60009765625,5953.60009765625,0
2018-05-01,6015.2001953125,6022.10009765625,5978.5,5982.7001953125,0
2018-05-02,6050.2001953125,6053.60009765625,6009.5,6015.2001953125,0
2018-05-03,6098.2998046875,6109.7001953125,6050.2001953125,6050.2001953125,0
2018-05-04,6062.89990234375,6109.7001953125,6061.2998046875,6098.2998046875,0
2018-05-07,6084.5,6110.2001953125,6063.2001953125,6063.2001953125,0
2018-05-08,6091.89990234375,6111.2001953125,6084.5,6084.5,0
2018-05-09,6108.0,6111.5,6083.2998046875,6091.89990234375,0
2018-05-10,6118.7001953125,6145.2001953125,6108.0,6108.0,0
2018-05-11,6116.2001953125,6140.89990234375,6116.2001953125,6118.7001953125,0
2018-05-14,6135.2998046875,6135.5,6109.2998046875,6116.2001953125,0
2018-05-15,6097.7998046875,6146.7998046875,6097.7998046875,6135.2998046875,0
2018-05-16,6107.0,6129.7001953125,6094.5,6097.7998046875,0
2018-05-17,6094.2998046875,6120.2001953125,6077.60009765625,6107.0,0
2018-05-18,6087.39990234375,6110.60009765625,6079.5,6094.2998046875,0
2018-05-21,6084.5,6094.89990234375,6070.2998046875,6087.39990234375,0
2018-05-22,6041.89990234375,6084.5,6028.5,6084.5,0
2018-05-23,6032.5,6056.60009765625,6026.10009765625,6041.89990234375,0
2018-05-24,6037.10009765625,6039.2998046875,6011.89990234375,6032.5,0
2018-05-25,6032.7998046875,6038.89990234375,6016.60009765625,6037.10009765625,0
2018-05-28,6004.0,6032.7998046875,5993.7998046875,6032.7998046875,0
2018-05-29,6013.60009765625,6025.2001953125,5995.60009765625,6004.0,0
2018-05-30,5984.7001953125,6013.60009765625,5964.10009765625,6013.60009765625,0
2018-05-31,6011.89990234375,6024.39990234375,5984.7001953125,5984.7001953125,0
2018-06-01,5990.39990234375,6011.89990234375,5972.0,6011.89990234375,0
2018-06-04,6025.5,6038.5,5990.39990234375,5990.39990234375,0
2018-06-05,5994.89990234375,6025.5,5982.2001953125,6025.5,0
2018-06-06,6025.10009765625,6026.10009765625,5994.89990234375,5994.89990234375,0
2018-06-07,6057.2998046875,6070.7001953125,6025.10009765625,6025.10009765625,0
2018-06-08,6045.2001953125,6060.7998046875,6041.39990234375,6057.2998046875,0
2018-06-12,6054.39990234375,6063.89990234375,6040.7998046875,6045.2001953125,0
2018-06-13,6023.5,6054.39990234375,6010.7001953125,6054.39990234375,0
2018-06-14,6016.60009765625,6033.7001953125,6007.5,6023.5,0
2018-06-15,6094.0,6100.10009765625,6016.60009765625,6016.60009765625,0
2018-06-18,6104.10009765625,6114.89990234375,6085.2001953125,6094.0,0
2018-06-19,6102.10009765625,6147.60009765625,6102.10009765625,6104.10009765625,0
2018-06-20,6172.60009765625,6172.60009765625,6102.10009765625,6102.10009765625,0
2018-06-21,6232.10009765625,6249.2998046875,6172.60009765625,6172.60009765625,0
2018-06-22,6225.2001953125,6243.39990234375,6217.0,6232.10009765625,0
2018-06-25,6210.39990234375,6250.7998046875,6204.2998046875,6225.7001953125,0
2018-06-26,6197.60009765625,6210.39990234375,6161.10009765625,6210.39990234375,0
2018-06-27,6195.89990234375,6216.2998046875,6189.39990234375,6197.60009765625,0
2018-06-28,6215.39990234375,6218.89990234375,6178.39990234375,6195.89990234375,0
2018-06-29,6194.60009765625,6232.60009765625,6194.60009765625,6215.39990234375,0
2018-07-02,6177.7998046875,6220.10009765625,6177.5,6194.60009765625,0
2018-07-03,6210.2001953125,6218.2998046875,6177.7998046875,6177.7998046875,0
2018-07-04,6183.39990234375,6213.7998046875,6174.39990234375,6210.2001953125,0
2018-07-05,6215.5,6218.5,6182.0,6183.39990234375,0
2018-07-06,6272.2998046875,6273.5,6215.5,6215.5,0
2018-07-09,6286.0,6301.5,6272.2998046875,6272.2998046875,0
2018-07-10,6258.10009765625,6306.10009765625,6257.89990234375,6286.0,0
2018-07-11,6215.60009765625,6258.10009765625,6209.60009765625,6258.10009765625,0
2018-07-12,6268.2998046875,6279.7998046875,6209.89990234375,6215.60009765625,0
2018-07-13,6268.39990234375,6287.10009765625,6251.10009765625,6268.2998046875,0
2018-07-16,6241.5,6275.7001953125,6235.5,6267.60009765625,0
2018-07-17,6203.60009765625,6241.5,6199.89990234375,6241.5,0
2018-07-18,6245.10009765625,6256.7998046875,6203.60009765625,6203.60009765625,0
2018-07-19,6262.7001953125,6274.2001953125,6243.10009765625,6245.10009765625,0
2018-07-20,6285.89990234375,6297.89990234375,6254.7998046875,6262.7001953125,0
2018-07-23,6227.60009765625,6285.89990234375,6224.89990234375,6285.89990234375,0
2018-07-24,6265.7998046875,6269.2001953125,6227.60009765625,6227.60009765625,0
2018-07-25,6247.60009765625,6277.2998046875,6239.7001953125,6265.7998046875,0
2018-07-26,6244.5,6252.10009765625,6214.5,6247.60009765625,0
2018-07-27,6300.2001953125,6302.2998046875,6244.5,6244.5,0
2018-07-30,6278.39990234375,6300.2001953125,6260.0,6297.0,0
2018-07-31,6280.2001953125,6298.60009765625,6271.89990234375,6278.39990234375,0
2018-08-01,6275.7001953125,6293.2998046875,6269.10009765625,6280.2001953125,0
2018-08-02,6240.89990234375,6277.5,6240.89990234375,6275.7001953125,0
2018-08-03,6234.7998046875,6269.89990234375,6231.2001953125,6240.89990234375,0
2018-08-06,6273.0,6284.2998046875,6234.7998046875,6234.7998046875,0
2018-08-07,6253.89990234375,6273.0,6244.39990234375,6273.0,0
2018-08-08,6268.5,6279.0,6253.89990234375,6253.89990234375,0
2018-08-09,6297.7001953125,6313.60009765625,6258.39990234375,6268.5,0
2018-08-10,6278.39990234375,6307.2001953125,6277.39990234375,6297.7001953125,0
2018-08-13,6252.2001953125,6279.7001953125,6239.60009765625,6278.10009765625,0
2018-08-14,6299.60009765625,6307.7998046875,6252.2001953125,6252.2001953125,0
2018-08-15,6329.0,6329.0,6274.7001953125,6299.60009765625,0
2018-08-16,6328.2998046875,6331.0,6282.39990234375,6329.0,0
2018-08-17,6339.2001953125,6348.10009765625,6316.60009765625,6328.2998046875,0
2018-08-20,6345.0,6358.0,6338.39990234375,6338.39990234375,0
2018-08-21,6284.39990234375,6345.39990234375,6275.89990234375,6345.0,0
2018-08-22,6266.0,6284.39990234375,6248.7998046875,6284.39990234375,0
2018-08-23,6244.39990234375,6275.7001953125,6242.5,6266.0,0
2018-08-24,6247.2998046875,6273.7001953125,6238.0,6244.39990234375,0
2018-08-27,6268.89990234375,6269.60009765625,6230.89990234375,6247.5,0
2018-08-28,6304.7001953125,6318.89990234375,6268.89990234375,6268.89990234375,0
2018-08-29,6352.2001953125,6352.2001953125,6303.0,6304.7001953125,0
2018-08-30,6351.7998046875,6373.5,6348.2001953125,6352.2001953125,0
2018-08-31,6319.5,6355.2001953125,6319.5,6351.7998046875,0
2018-09-03,6310.89990234375,6333.7001953125,6310.89990234375,6319.5,0
2018-09-04,6293.10009765625,6314.89990234375,6276.2998046875,6310.89990234375,0
2018-09-05,6230.39990234375,6293.10009765625,6230.39990234375,6293.10009765625,0
2018-09-06,6160.39990234375,6230.39990234375,6150.7001953125,6230.39990234375,0
2018-09-07,6143.7998046875,6160.39990234375,6102.0,6160.39990234375,0
2018-09-10,6141.7001953125,6152.7001953125,6123.7998046875,6143.7998046875,0
2018-09-11,6179.7001953125,6181.5,6139.2998046875,6141.7001953125,0
2018-09-12,6175.89990234375,6181.10009765625,6152.39990234375,6179.7001953125,0
2018-09-13,6128.7001953125,6175.89990234375,6126.7001953125,6175.89990234375,0
2018-09-14,6165.2998046875,6173.2998046875,6128.7001953125,6128.7001953125,0
2018-09-17,6185.0,6192.60009765625,6142.2998046875,6165.2998046875,0
2018-09-18,6161.5,6185.0,6149.10009765625,6185.0,0
2018-09-19,6190.0,6197.5,6161.5,6161.5,0
2018-09-20,6169.5,6196.7001953125,6163.7001953125,6190.0,0
2018-09-21,6194.60009765625,6209.60009765625,6169.5,6169.5,0
2018-09-24,6186.89990234375,6195.2001953125,6167.7001953125,6194.60009765625,0
2018-09-25,6185.89990234375,6192.2001953125,6166.7998046875,6186.89990234375,0
2018-09-26,6192.2998046875,6210.5,6182.5,6185.89990234375,0
2018-09-27,6181.2001953125,6197.10009765625,6179.7998046875,6192.2998046875,0
2018-09-28,6207.60009765625,6234.39990234375,6181.2001953125,6181.2001953125,0
2018-10-01,6172.2998046875,6207.60009765625,6154.2998046875,6207.60009765625,0
2018-10-02,6126.2001953125,6180.2998046875,6118.39990234375,6172.2998046875,0
2018-10-03,6146.10009765625,6151.39990234375,6126.2001953125,6126.2001953125,0
2018-10-04,6176.2998046875,6195.2001953125,6146.10009765625,6146.10009765625,0
2018-10-05,6185.5,6199.2001953125,6160.60009765625,6176.2998046875,0
2018-10-08,6100.2998046875,6177.39990234375,6100.2998046875,6177.39990234375,0
2018-10-09,6041.10009765625,6101.7998046875,6033.60009765625,6100.2998046875,0
2018-10-10,6049.7998046875,6057.7998046875,6022.7001953125,6041.10009765625,0
2018-10-11,5883.7998046875,6049.7998046875,5883.7998046875,6049.7998046875,0
2018-10-12,5895.7001953125,5904.0,5846.7001953125,5883.7998046875,0
2018-10-15,5837.10009765625,5895.7001953125,5796.0,5895.7001953125,0
2018-10-16,5869.89990234375,5884.7001953125,5837.10009765625,5869.89990234375,0
2018-10-17,5939.10009765625,5940.2001953125,5869.89990234375,5869.89990234375,0
2018-10-18,5942.39990234375,5942.7998046875,5914.89990234375,5939.10009765625,0
2018-10-19,5939.5,5942.39990234375,5883.2998046875,5942.39990234375,0
2018-10-22,5904.89990234375,5939.5,5887.7001953125,5939.5,0
2018-10-23,5843.10009765625,5905.39990234375,5843.10009765625,5904.89990234375,0
2018-10-24,5829.0,5857.10009765625,5819.39990234375,5843.10009765625,0
2018-10-25,5664.10009765625,5829.0,5664.10009765625,5829.0,0
2018-10-26,5665.2001953125,5700.2001953125,5624.60009765625,5664.10009765625,0
2018-10-29,5728.2001953125,5737.60009765625,5665.2001953125,5665.2001953125,0
2018-10-30,5805.10009765625,5805.10009765625,5691.7001953125,5728.2001953125,0
2018-10-31,5830.2998046875,5830.2998046875,5789.5,5805.10009765625,0
2018-11-01,5840.7998046875,5877.2001953125,5820.7001953125,5830.2998046875,0
2018-11-02,5849.2001953125,5849.2001953125,5809.2001953125,5840.7998046875,0
2018-11-05,5818.10009765625,5857.39990234375,5817.7001953125,5849.2001953125,0
2018-11-06,5875.2001953125,5877.2001953125,5818.10009765625,5818.10009765625,0
2018-11-07,5896.89990234375,5896.89990234375,5844.60009765625,5875.2001953125,0
2018-11-08,5928.2001953125,5935.5,5896.89990234375,5896.89990234375,0
2018-11-09,5921.7998046875,5933.5,5896.39990234375,5928.2001953125,0
2018-11-12,5941.2998046875,5941.2998046875,5884.60009765625,5921.7998046875,0
2018-11-13,5834.2001953125,5941.2998046875,5824.39990234375,5941.2998046875,0
2018-11-14,5732.7998046875,5837.2998046875,5728.60009765625,5834.2001953125,0
2018-11-15,5736.0,5753.5,5686.7998046875,5732.7998046875,0
2018-11-16,5730.60009765625,5757.89990234375,5726.5,5736.0,0
2018-11-19,5693.7001953125,5731.2998046875,5682.39990234375,5730.60009765625,0
2018-11-20,5671.7998046875,5693.7001953125,5635.5,5693.7001953125,0
2018-11-21,5642.7998046875,5671.7998046875,5594.0,5671.7998046875,0
2018-11-22,5691.2998046875,5695.39990234375,5642.7998046875,5642.7998046875,0
2018-11-23,5716.2001953125,5724.2998046875,5678.2998046875,5691.2998046875,0
2018-11-26,5671.60009765625,5716.2001953125,5655.60009765625,5716.2001953125,0
2018-11-27,5728.2998046875,5728.2998046875,5670.7001953125,5671.60009765625,0
2018-11-28,5725.10009765625,5737.60009765625,5706.7001953125,5728.2998046875,0
2018-11-29,5758.39990234375,5778.7001953125,5725.10009765625,5725.10009765625,0
2018-11-30,5667.2001953125,5758.39990234375,5667.2001953125,5758.39990234375,0
2018-12-03,5771.2001953125,5771.2001953125,5667.2001953125,5667.2001953125,0
2018-12-04,5713.10009765625,5771.2001953125,5713.10009765625,5771.2001953125,0
2018-12-05,5668.39990234375,5713.10009765625,5610.0,5713.10009765625,0
2018-12-06,5657.60009765625,5668.39990234375,5621.39990234375,5668.39990234375,0
2018-12-07,5681.5,5706.39990234375,5653.5,5657.7001953125,0
2018-12-10,5552.5,5681.5,5549.2998046875,5681.5,0
2018-12-11,5575.89990234375,5587.7001953125,5551.5,5555.2998046875,0
2018-12-12,5653.5,5654.89990234375,5575.89990234375,5575.89990234375,0
2018-12-13,5661.60009765625,5682.10009765625,5636.89990234375,5653.5,0
2018-12-14,5602.0,5665.2001953125,5588.60009765625,5661.60009765625,0
2018-12-17,5658.2998046875,5665.60009765625,5585.10009765625,5602.0,0
2018-12-18,5589.5,5658.2998046875,5576.7998046875,5658.2998046875,0
2018-12-19,5580.60009765625,5589.5,5555.2001953125,5589.5,0
2018-12-20,5505.7998046875,5587.60009765625,5505.7998046875,5580.60009765625,0
2018-12-21,5467.60009765625,5543.10009765625,5426.60009765625,5505.7998046875,0
2018-12-24,5493.7998046875,5496.7001953125,5410.2001953125,5467.60009765625,0
2018-12-27,5597.2001953125,5597.2001953125,5493.7998046875,5493.7998046875,0
2018-12-28,5654.2998046875,5654.2998046875,5590.7001953125,5597.2001953125,0
2018-12-31,5646.39990234375,5700.60009765625,5646.39990234375,5654.2998046875,0
2019-01-02,5557.7998046875,5652.5,5552.0,5646.39990234375,350200
2019-01-03,5633.39990234375,5646.5,5557.7998046875,5557.7998046875,451300
2019-01-04,5619.39990234375,5633.39990234375,5568.7001953125,5633.39990234375,475800
2019-01-07,5683.2001953125,5716.2001953125,5619.39990234375,5619.39990234375,439600
2019-01-08,5722.39990234375,5733.7001953125,5666.60009765625,5683.2001953125,548900
2019-01-09,5778.2998046875,5781.39990234375,5722.39990234375,5722.39990234375,554100
2019-01-10,5795.2998046875,5795.2998046875,5755.39990234375,5778.2998046875,528300
2019-01-11,5774.60009765625,5808.60009765625,5774.60009765625,5795.2998046875,398500
2019-01-14,5773.39990234375,5801.5,5756.89990234375,5774.60009765625,374100
2019-01-15,5814.60009765625,5814.60009765625,5773.39990234375,5773.39990234375,435700
2019-01-16,5835.2001953125,5835.2001953125,5805.0,5814.60009765625,549000
2019-01-17,5850.10009765625,5856.39990234375,5831.0,5835.2001953125,486000
2019-01-18,5879.60009765625,5888.10009765625,5850.10009765625,5850.10009765625,450700
2019-01-21,5890.39990234375,5911.7998046875,5879.60009765625,5879.60009765625,376400
2019-01-22,5858.7998046875,5890.39990234375,5851.2998046875,5890.39990234375,361000
2019-01-23,5843.7001953125,5862.0,5831.39990234375,5858.7998046875,518400
2019-01-24,5865.7001953125,5865.7001953125,5839.7001953125,5844.39990234375,540700
2019-01-25,5905.60009765625,5915.2001953125,5864.0,5865.7001953125,658300
2019-01-29,5874.2001953125,5907.60009765625,5861.60009765625,5905.60009765625,705600
2019-01-30,5886.7001953125,5912.39990234375,5865.89990234375,5874.2001953125,684700
2019-01-31,5864.7001953125,5912.60009765625,5864.7001953125,5886.7001953125,947600
2019-02-01,5862.7998046875,5881.60009765625,5857.39990234375,5864.7001953125,723800
2019-02-04,5891.2001953125,5899.2001953125,5848.89990234375,5862.7998046875,604200
2019-02-05,6005.89990234375,6039.2001953125,5891.2001953125,5891.2001953125,736600
2019-02-06,6026.10009765625,6042.5,5990.5,6005.89990234375,582200
2019-02-07,6092.5,6105.89990234375,6026.10009765625,6026.10009765625,638800
2019-02-08,6071.5,6094.7001953125,6054.10009765625,6092.5,616500
2019-02-11,6060.7998046875,6084.89990234375,6028.60009765625,6071.5,506100
2019-02-12,6079.10009765625,6093.2001953125,6053.39990234375,6060.7998046875,687900
2019-02-13,6063.60009765625,6094.0,6053.0,6079.10009765625,664500
2019-02-14,6059.39990234375,6093.60009765625,6046.7001953125,6063.60009765625,728100
2019-02-15,6066.10009765625,6076.10009765625,6048.89990234375,6059.39990234375,662300
2019-02-18,6089.7998046875,6115.7001953125,6066.10009765625,6066.10009765625,607600
2019-02-19,6106.89990234375,6119.5,6081.39990234375,6089.7998046875,636500
2019-02-20,6096.5,6125.7998046875,6077.5,6106.89990234375,676100
2019-02-21,6139.2001953125,6153.60009765625,6083.60009765625,6096.5,859600
2019-02-22,6167.2998046875,6176.2001953125,6126.5,6139.2001953125,788400
2019-02-25,6186.2998046875,6191.10009765625,6158.7998046875,6167.2998046875,701000
2019-02-26,6128.39990234375,6186.2998046875,6106.0,6186.2998046875,754000
2019-02-27,6150.2998046875,6156.39990234375,6127.7001953125,6128.39990234375,726000
2019-02-28,6169.0,6173.10009765625,6135.39990234375,6150.2998046875,805900
2019-03-01,6192.7001953125,6209.89990234375,6164.89990234375,6169.0,715500
2019-03-04,6217.39990234375,6240.10009765625,6192.7001953125,6192.7001953125,575700
2019-03-05,6199.2998046875,6217.39990234375,6175.7001953125,6217.39990234375,788400
2019-03-06,6245.60009765625,6246.5,6199.2998046875,6199.2998046875,782400
2019-03-07,6263.89990234375,6270.89990234375,6243.60009765625,6245.60009765625,765400
2019-03-08,6203.7998046875,6263.89990234375,6203.60009765625,6263.89990234375,646200
2019-03-11,6180.2001953125,6203.7998046875,6171.89990234375,6203.7998046875,498100
2019-03-12,6174.7998046875,6222.89990234375,6174.7998046875,6180.2001953125,622300
2019-03-13,6161.2001953125,6174.7998046875,6127.2998046875,6174.7998046875,707100
2019-03-14,6179.60009765625,6181.5,6153.39990234375,6161.2001953125,555200
2019-03-15,6175.2001953125,6197.39990234375,6171.2001953125,6179.60009765625,1173800
2019-03-18,6190.5,6201.5,6167.2998046875,6175.2001953125,578000
2019-03-19,6184.7998046875,6206.2998046875,6174.0,6190.5,526600
2019-03-20,6165.2998046875,6185.5,6155.2001953125,6184.7998046875,732000
2019-03-21,6167.2001953125,6171.89990234375,6134.0,6165.2998046875,874000
2019-03-22,6195.2001953125,6227.10009765625,6167.2001953125,6167.2001953125,538000
2019-03-25,6126.2001953125,6195.2001953125,6113.2001953125,6195.2001953125,570100
2019-03-26,6130.60009765625,6141.10009765625,6116.7998046875,6126.2001953125,681000
2019-03-27,6136.0,6136.0,6096.7998046875,6130.60009765625,656900
2019-03-28,6176.10009765625,6176.10009765625,6115.10009765625,6136.0,648100
2019-03-29,6180.7001953125,6213.39990234375,6176.10009765625,6176.10009765625,789600
2019-04-01,6217.0,6234.60009765625,6180.7001953125,6180.7001953125,582000
2019-04-02,6242.39990234375,6270.60009765625,6217.0,6217.0,656200
2019-04-03,6285.0,6287.89990234375,6242.39990234375,6242.39990234375,614100
2019-04-04,6232.7998046875,6285.0,6221.10009765625,6285.0,638800
2019-04-05,6181.2998046875,6232.7998046875,6169.7998046875,6232.7998046875,494500
2019-04-08,6221.39990234375,6221.39990234375,6181.2998046875,6181.2998046875,502400
2019-04-09,6221.7998046875,6228.89990234375,6203.7001953125,6221.39990234375,539400
2019-04-10,6223.5,6235.39990234375,6199.2998046875,6221.7998046875,452900
2019-04-11,6198.7001953125,6223.5,6184.0,6223.5,499300
2019-04-12,6251.2998046875,6251.2998046875,6198.7001953125,6198.7001953125,518900
2019-04-15,6251.39990234375,6259.39990234375,6238.89990234375,6251.2998046875,468700
2019-04-16,6277.39990234375,6282.7998046875,6237.60009765625,6251.39990234375,536800
2019-04-17,6256.39990234375,6286.0,6249.60009765625,6277.39990234375,569600
2019-04-18,6259.7998046875,6280.39990234375,6248.2001953125,6256.39990234375,564400
2019-04-23,6319.39990234375,6321.7001953125,6259.7998046875,6259.7998046875,539300
2019-04-24,6382.10009765625,6390.5,6319.39990234375,6319.39990234375,660700
2019-04-26,6385.60009765625,6388.2001953125,6362.2998046875,6382.10009765625,553500
2019-04-29,6359.5,6385.60009765625,6348.0,6385.60009765625,469400
2019-04-30,6325.5,6359.5,6316.2998046875,6359.5,613700
2019-05-01,6375.89990234375,6380.2001953125,6325.5,6325.5,567500
2019-05-02,6338.39990234375,6375.89990234375,6323.5,6375.89990234375,670600
2019-05-03,6335.7998046875,6355.0,6327.2001953125,6338.39990234375,520300
2019-05-06,6283.7001953125,6335.7998046875,6248.39990234375,6335.7998046875,552000
2019-05-07,6295.7001953125,6341.89990234375,6283.7001953125,6283.7001953125,511000
2019-05-08,6269.10009765625,6295.7001953125,6241.5,6295.7001953125,562300
2019-05-09,6295.2998046875,6300.2001953125,6258.7998046875,6269.10009765625,550500
2019-05-10,6310.89990234375,6317.39990234375,6283.60009765625,6295.2998046875,516100
2019-05-13,6297.60009765625,6310.89990234375,6277.89990234375,6310.89990234375,512600
2019-05-14,6239.89990234375,6297.60009765625,6203.10009765625,6297.60009765625,685200
2019-05-15,6284.2001953125,6291.2998046875,6239.89990234375,6239.89990234375,528800
2019-05-16,6327.7998046875,6327.7998046875,6272.7998046875,6284.2001953125,668900
2019-05-17,6365.2998046875,6398.2998046875,6327.7998046875,6327.7998046875,590200
2019-05-20,6476.10009765625,6476.10009765625,6365.2998046875,6365.2998046875,659700
2019-05-21,6500.10009765625,6500.10009765625,6444.39990234375,6476.10009765625,669300
2019-05-22,6510.7001953125,6510.89990234375,6478.60009765625,6500.10009765625,628800
2019-05-23,6491.7998046875,6510.7001953125,6480.2001953125,6510.7001953125,637700
2019-05-24,6456.0,6491.7998046875,6437.2998046875,6491.7998046875,585600
2019-05-27,6451.89990234375,6464.60009765625,6447.60009765625,6455.7998046875,436700
2019-05-28,6484.7998046875,6491.7001953125,6451.89990234375,6451.89990234375,811700
2019-05-29,6440.0,6484.7998046875,6419.2998046875,6484.7998046875,544600
2019-05-30,6392.10009765625,6440.0,6379.7001953125,6440.0,719300
2019-05-31,6396.89990234375,6398.7998046875,6362.2001953125,6392.10009765625,742900
2019-06-03,6320.5,6396.89990234375,6320.5,6396.89990234375,628700
2019-06-04,6332.39990234375,6343.0,6315.60009765625,6320.5,739800
2019-06-05,6358.5,6387.60009765625,6332.39990234375,6332.39990234375,624900
2019-06-06,6383.0,6403.2001953125,6358.5,6358.5,618600
2019-06-07,6443.89990234375,6443.89990234375,6383.0,6383.0,600000
2019-06-11,6546.2998046875,6546.2998046875,6443.89990234375,6443.89990234375,737500
2019-06-12,6543.7001953125,6587.2998046875,6543.7001953125,6546.2998046875,684400
2019-06-13,6542.39990234375,6563.2001953125,6534.2998046875,6543.7001953125,625700
2019-06-14,6554.0,6559.5,6533.0,6542.39990234375,585200
2019-06-17,6530.89990234375,6555.39990234375,6527.0,6554.0,571900
2019-06-18,6570.0,6572.5,6529.2998046875,6530.89990234375,859900
2019-06-19,6648.10009765625,6648.10009765625,6570.0,6570.0,739400
2019-06-20,6687.39990234375,6687.39990234375,6638.7998046875,6648.10009765625,1004000
2019-06-21,6650.7998046875,6691.5,6641.10009765625,6687.39990234375,1163800
2019-06-24,6665.39990234375,6665.39990234375,6617.0,6650.7998046875,558800
2019-06-25,6658.0,6680.2998046875,6647.2998046875,6665.39990234375,663400
2019-06-26,6640.5,6658.0,6637.39990234375,6658.0,746100
2019-06-27,6666.2998046875,6666.2998046875,6606.2998046875,6640.5,676700
2019-06-28,6618.7998046875,6670.10009765625,6618.7998046875,6666.2998046875,754200
2019-07-01,6648.10009765625,6664.0,6618.7998046875,6618.7998046875,555600
2019-07-02,6653.2001953125,6686.5,6642.5,6648.39990234375,596700
2019-07-03,6685.5,6692.39990234375,6641.7001953125,6653.2001953125,642500
2019-07-04,6718.0,6731.89990234375,6685.5,6685.5,570500
2019-07-05,6751.2998046875,6769.60009765625,6714.7998046875,6718.0,579100
2019-07-08,6672.2001953125,6751.2998046875,6672.2001953125,6740.0,458000
2019-07-09,6665.7001953125,6679.0,6641.39990234375,6672.2001953125,550100
2019-07-10,6689.7998046875,6718.2001953125,6665.7001953125,6665.7001953125,631100
2019-07-11,6716.10009765625,6729.39990234375,6686.10009765625,6689.7998046875,645700
2019-07-12,6696.5,6717.10009765625,6687.7001953125,6716.10009765625,565600
2019-07-15,6653.0,6694.89990234375,6638.5,6694.89990234375,456100
2019-07-16,6641.0,6665.2998046875,6641.0,6653.0,549400
2019-07-17,6673.2998046875,6675.39990234375,6626.60009765625,6641.0,523000
2019-07-18,6649.10009765625,6673.2998046875,6630.7001953125,6673.2998046875,531300
2019-07-19,6700.2998046875,6705.39990234375,6646.60009765625,6649.10009765625,491200
2019-07-22,6691.2001953125,6710.7001953125,6673.2001953125,6700.2998046875,521300
2019-07-23,6724.60009765625,6730.7001953125,6688.7998046875,6691.2001953125,643300
2019-07-24,6776.7001953125,6783.2998046875,6724.60009765625,6724.60009765625,630000
2019-07-25,6818.0,6818.0,6771.10009765625,6776.7001953125,681700
2019-07-26,6793.39990234375,6818.0,6779.5,6818.0,664400
2019-07-29,6825.7998046875,6834.39990234375,6793.39990234375,6793.39990234375,532500
2019-07-30,6845.10009765625,6875.5,6825.7998046875,6825.7998046875,601500
2019-07-31,6812.60009765625,6845.10009765625,6812.60009765625,6845.10009765625,760100
2019-08-01,6788.89990234375,6812.60009765625,6780.60009765625,6812.60009765625,584000
2019-08-02,6768.60009765625,6788.89990234375,6747.7998046875,6788.89990234375,609500
2019-08-05,6640.2998046875,6768.60009765625,6639.39990234375,6768.60009765625,594700
2019-08-06,6478.10009765625,6640.2998046875,6444.39990234375,6640.2998046875,877700
2019-08-07,6519.5,6530.2001953125,6467.5,6478.10009765625,648500
2019-08-08,6568.10009765625,6568.10009765625,6462.2998046875,6519.5,690800
2019-08-09,6584.39990234375,6592.5,6562.5,6568.10009765625,664700
2019-08-12,6590.2998046875,6590.2998046875,6555.10009765625,6584.39990234375,493300
2019-08-13,6568.5,6593.2998046875,6558.5,6590.2998046875,695300
2019-08-14,6595.89990234375,6600.7001953125,6555.89990234375,6568.5,754700
2019-08-15,6408.10009765625,6595.89990234375,6405.60009765625,6595.89990234375,893200
2019-08-16,6405.5,6425.2998046875,6396.0,6408.10009765625,758300
2019-08-19,6467.39990234375,6468.39990234375,6405.5,6405.5,599800
2019-08-20,6545.0,6545.0,6467.39990234375,6467.39990234375,702600
2019-08-21,6483.2998046875,6545.0,6466.60009765625,6545.0,675800
2019-08-22,6501.7998046875,6521.2998046875,6483.2998046875,6483.2998046875,631100
2019-08-23,6523.10009765625,6529.2001953125,6495.2998046875,6501.7998046875,643600
2019-08-26,6440.10009765625,6523.10009765625,6409.7998046875,6523.10009765625,703200
2019-08-27,6471.2001953125,6483.10009765625,6439.2001953125,6440.10009765625,908300
2019-08-28,6500.60009765625,6502.0,6462.0,6471.2001953125,712500
2019-08-29,6507.39990234375,6510.89990234375,6475.5,6500.60009765625,730000
2019-08-30,6604.2001953125,6612.10009765625,6507.39990234375,6507.39990234375,905400
2019-09-02,6579.39990234375,6604.7998046875,6558.2998046875,6604.2001953125,525000
2019-09-03,6573.39990234375,6591.2998046875,6554.2998046875,6579.39990234375,479400
2019-09-04,6553.0,6573.39990234375,6503.89990234375,6573.39990234375,695600
2019-09-05,6613.2001953125,6622.7998046875,6551.0,6553.0,796300
2019-09-06,6647.2998046875,6656.10009765625,6613.2001953125,6613.2001953125,702600
2019-09-09,6648.0,6659.7001953125,6631.2001953125,6647.2998046875,542900
2019-09-10,6614.10009765625,6654.7998046875,6595.7001953125,6648.0,746300
2019-09-11,6638.0,6638.39990234375,6614.10009765625,6614.10009765625,811400
2019-09-12,6654.89990234375,6687.39990234375,6638.0,6638.0,662600
2019-09-13,6669.2001953125,6676.5,6653.7001953125,6654.89990234375,673900
2019-09-16,6673.5,6688.5,6646.60009765625,6669.2001953125,750700
2019-09-17,6695.2998046875,6695.2998046875,6649.10009765625,6673.5,745900
2019-09-18,6681.60009765625,6703.2998046875,6673.7998046875,6695.2998046875,758400
2019-09-19,6717.5,6742.89990234375,6686.2998046875,6686.2998046875,996900
2019-09-20,6730.7998046875,6775.60009765625,6719.0,6719.0,1249400
2019-09-23,6749.7001953125,6770.0,6732.39990234375,6732.39990234375,506700
2019-09-24,6748.89990234375,6764.0,6745.2998046875,6747.60009765625,595600
2019-09-25,6710.2001953125,6736.39990234375,6696.2998046875,6736.39990234375,648200
2019-09-26,6677.60009765625,6720.7998046875,6667.10009765625,6715.39990234375,594800
2019-09-27,6716.10009765625,6721.2001953125,6681.60009765625,6681.60009765625,606300
2019-09-30,6688.2998046875,6734.7001953125,6688.2998046875,6715.89990234375,611600
2019-10-01,6742.7998046875,6743.7001953125,6687.7998046875,6688.60009765625,612700
2019-10-02,6639.89990234375,6729.60009765625,6639.7998046875,6729.60009765625,618800
2019-10-04,6517.10009765625,6532.7001953125,6489.89990234375,6498.10009765625,473300
2019-10-07,6563.60009765625,6564.89990234375,6525.5,6526.2998046875,272800
2019-10-08,6593.39990234375,6601.2001953125,6567.39990234375,6569.2001953125,476500
2019-10-09,6546.7001953125,6580.2998046875,6520.2998046875,6580.2998046875,503100
2019-10-10,6547.10009765625,6565.5,6529.2998046875,6546.10009765625,549400
2019-10-11,6606.7998046875,6614.60009765625,6564.2998046875,6564.2998046875,526900
2019-10-14,6642.60009765625,6676.2001953125,6622.5,6622.5,489200
2019-10-15,6652.0,6657.39990234375,6621.89990234375,6637.0,504800
2019-10-16,6736.5,6737.7998046875,6659.7001953125,6660.0,626500
2019-10-17,6684.7001953125,6737.39990234375,6681.39990234375,6730.5,871200
2019-10-18,6649.7001953125,6683.2001953125,6633.89990234375,6682.7998046875,633400
2019-10-21,6652.5,6652.5,6612.39990234375,6643.5,506400
2019-10-22,6672.2001953125,6680.39990234375,6648.2998046875,6659.10009765625,577400
2019-10-23,6673.10009765625,6673.2001953125,6635.7001953125,6670.0,557200
2019-10-24,6693.60009765625,6715.2001953125,6673.10009765625,6673.10009765625,559600
2019-10-25,6739.2001953125,6741.5,6693.60009765625,6693.60009765625,627000
2019-10-28,6740.7001953125,6766.2001953125,6739.7998046875,6739.89990234375,486300
2019-10-29,6745.39990234375,6761.5,6735.7001953125,6740.7001953125,582000
2019-10-30,6689.5,6745.39990234375,6680.2001953125,6745.39990234375,598200
2019-10-31,6663.39990234375,6689.5,6639.7998046875,6689.5,636000
2019-11-01,6669.10009765625,6671.7001953125,6634.7001953125,6663.39990234375,555300
2019-11-04,6686.89990234375,6713.5,6669.10009765625,6669.10009765625,516800
2019-11-05,6697.10009765625,6725.89990234375,6678.89990234375,6686.89990234375,482000
2019-11-06,6660.2001953125,6715.2001953125,6658.2001953125,6697.10009765625,639700
2019-11-07,6726.60009765625,6727.7001953125,6659.7001953125,6660.2001953125,613200
2019-11-08,6724.10009765625,6742.2001953125,6706.10009765625,6726.60009765625,666800
2019-11-11,6772.5,6772.5,6717.2998046875,6724.10009765625,550700
2019-11-12,6753.0,6779.2998046875,6730.89990234375,6772.5,635900
2019-11-13,6698.39990234375,6766.2001953125,6698.2998046875,6753.0,613400
2019-11-14,6735.10009765625,6744.7998046875,6687.7001953125,6698.39990234375,671000
2019-11-15,6793.7001953125,6798.7001953125,6735.10009765625,6735.10009765625,552200
2019-11-18,6766.7998046875,6799.2001953125,6749.10009765625,6793.7001953125,429200
2019-11-19,6814.2001953125,6814.2001953125,6755.0,6766.7998046875,562200
2019-11-20,6722.39990234375,6814.2001953125,6714.89990234375,6814.2001953125,663700
2019-11-21,6672.89990234375,6714.60009765625,6637.2998046875,6714.2998046875,710300
2019-11-22,6709.7998046875,6725.10009765625,6672.89990234375,6672.89990234375,522500
2019-11-25,6731.39990234375,6758.0,6712.0,6712.0,521000
2019-11-26,6787.5,6797.60009765625,6731.39990234375,6731.39990234375,1076900
2019-11-27,6850.60009765625,6852.10009765625,6788.0,6790.2998046875,618500
2019-11-28,6864.0,6879.5,6850.60009765625,6850.60009765625,509700
2019-11-29,6846.0,6893.7001953125,6846.0,6869.10009765625,543500
2019-12-02,6862.2998046875,6890.0,6840.60009765625,6846.0,494400
2019-12-03,6712.2998046875,6862.2998046875,6703.7001953125,6862.2998046875,700700
2019-12-04,6606.5,6692.2998046875,6590.10009765625,6691.7001953125,779900
2019-12-05,6683.0,6684.60009765625,6606.5,6606.5,572100
2019-12-06,6707.0,6712.2998046875,6681.7998046875,6683.0,477900
2019-12-09,6730.0,6740.0,6707.0,6707.0,505300
2019-12-10,6706.89990234375,6734.2998046875,6702.89990234375,6730.0,473100
2019-12-11,6752.60009765625,6752.60009765625,6709.7001953125,6709.89990234375,638300
2019-12-12,6708.7998046875,6753.0,6701.2001953125,6752.60009765625,630700
2019-12-13,6739.7001953125,6753.10009765625,6708.7998046875,6708.7998046875,646000
2019-12-16,6849.7001953125,6866.10009765625,6741.60009765625,6741.60009765625,650900
2019-12-17,6847.2998046875,6871.2998046875,6839.10009765625,6849.7001953125,631600
2019-12-18,6851.39990234375,6863.7998046875,6833.39990234375,6849.39990234375,650800
2019-12-19,6833.10009765625,6872.7998046875,6819.89990234375,6851.39990234375,805700
2019-12-20,6816.2998046875,6842.7998046875,6808.39990234375,6833.10009765625,966400
2019-12-23,6785.10009765625,6816.2998046875,6785.10009765625,6816.2998046875,364700
2019-12-24,6794.2001953125,6794.89990234375,6776.2001953125,6785.10009765625,201800
2019-12-27,6821.7001953125,6822.10009765625,6794.2001953125,6794.2001953125,290100
2019-12-30,6804.89990234375,6824.7001953125,6764.60009765625,6821.7001953125,294800
2019-12-31,6684.10009765625,6804.89990234375,6684.10009765625,6804.89990234375,314200
2020-01-02,6690.60009765625,6709.2001953125,6669.2001953125,6684.10009765625,304900
2020-01-03,6733.5,6788.2001953125,6690.60009765625,6690.60009765625,365200
2020-01-06,6735.7001953125,6738.60009765625,6671.7001953125,6733.10009765625,469800
2020-01-07,6826.39990234375,6834.2998046875,6735.7001953125,6735.7001953125,447400
2020-01-08,6817.60009765625,6831.7001953125,6749.60009765625,6826.39990234375,570700
2020-01-09,6874.2001953125,6889.2001953125,6817.60009765625,6817.60009765625,502100
2020-01-10,6929.0,6933.2001953125,6874.2001953125,6874.2001953125,516000
2020-01-13,6903.7001953125,6929.0,6880.7001953125,6929.0,358100
2020-01-14,6962.2001953125,6962.7998046875,6903.7001953125,6903.7001953125,549700
2020-01-15,6994.7998046875,6996.7998046875,6960.39990234375,6965.5,573400
2020-01-16,7041.7998046875,7041.7998046875,6994.7998046875,6994.7998046875,548200
2020-01-17,7064.10009765625,7088.10009765625,7041.7998046875,7041.7998046875,500300
2020-01-20,7079.5,7092.5,7064.10009765625,7064.10009765625,423400
2020-01-21,7066.2998046875,7079.5,7040.7001953125,7079.5,480900
2020-01-22,7132.7001953125,7144.89990234375,7062.2001953125,7066.2998046875,602000
2020-01-23,7088.0,7132.7001953125,7068.7998046875,7132.7001953125,539700
2020-01-24,7090.5,7122.7001953125,7085.7001953125,7088.0,477600
2020-01-28,7023.5,7030.0,6994.5,6994.5,619700
2020-01-29,7031.5,7046.7998046875,6994.5,6994.5,590500
2020-01-30,7008.39990234375,7038.2001953125,6993.0,7031.2998046875,684400
2020-01-31,7017.2001953125,7046.7001953125,7008.39990234375,7008.39990234375,756400
2020-02-03,6923.2998046875,7017.2001953125,6897.0,7017.2001953125,617600
2020-02-04,6948.7001953125,6963.2998046875,6915.0,6923.2998046875,599400
2020-02-05,6976.10009765625,7009.2998046875,6962.89990234375,6988.60009765625,654100
2020-02-06,7049.2001953125,7050.0,6987.89990234375,6987.89990234375,687700
2020-02-07,7022.60009765625,7051.60009765625,7002.0,7045.2001953125,639800
2020-02-10,7012.5,7024.39990234375,6982.60009765625,7022.60009765625,589700
2020-02-11,7055.2998046875,7070.2001953125,7017.2001953125,7017.2001953125,618700
2020-02-12,7088.2001953125,7098.60009765625,7055.10009765625,7055.2998046875,692700
2020-02-13,7103.2001953125,7145.7998046875,7086.7998046875,7088.2001953125,737500
2020-02-14,7130.2001953125,7138.39990234375,7101.10009765625,7103.2001953125,691300
2020-02-17,7125.10009765625,7137.39990234375,7104.39990234375,7130.2001953125,501900
2020-02-18,7113.7001953125,7125.10009765625,7096.7998046875,7125.10009765625,627500
2020-02-19,7144.60009765625,7144.60009765625,7102.89990234375,7113.7998046875,866400
2020-02-20,7162.5,7197.2001953125,7144.60009765625,7144.60009765625,832800
2020-02-21,7139.0,7162.60009765625,7135.7001953125,7162.5,1072700
2020-02-24,6978.2998046875,7120.89990234375,6967.89990234375,7120.89990234375,799000
2020-02-25,6866.60009765625,6978.2998046875,6800.0,6978.2998046875,1038800
2020-02-26,6708.10009765625,6866.60009765625,6690.10009765625,6866.60009765625,1007900
2020-02-27,6657.89990234375,6728.2001953125,6630.5,6709.2998046875,1020900
2020-02-28,6441.2001953125,6657.89990234375,6426.7998046875,6657.89990234375,1524000
2020-03-02,6391.5,6438.89990234375,6245.2001953125,6438.89990234375,1182700
2020-03-03,6435.7001953125,6524.2998046875,6391.5,6391.5,1046900
2020-03-04,6325.39990234375,6435.7001953125,6310.2001953125,6435.7001953125,1024100
2020-03-05,6395.7001953125,6447.10009765625,6325.39990234375,6325.39990234375,989800
2020-03-06,6216.2001953125,6395.7001953125,6216.2001953125,6395.7001953125,959400
2020-03-09,5760.60009765625,6216.2001953125,5760.60009765625,6216.2001953125,1444300
2020-03-10,5939.60009765625,5939.60009765625,5538.89990234375,5760.60009765625,1803100
2020-03-11,5725.89990234375,5972.5,5725.89990234375,5939.60009765625,1407500
2020-03-12,5304.60009765625,5725.89990234375,5290.0,5725.89990234375,1818300
2020-03-13,5539.2998046875,5539.2998046875,4873.7001953125,5304.60009765625,2260700
2020-03-16,5002.0,5539.2998046875,5002.0,5539.2998046875,1638500
2020-03-17,5293.39990234375,5303.7001953125,4997.2998046875,5002.0,1998200
2020-03-18,4953.2001953125,5293.39990234375,4888.10009765625,5293.39990234375,1774000
2020-03-19,4782.89990234375,5102.5,4741.0,4953.2001953125,1877500
2020-03-20,4816.60009765625,5016.10009765625,4782.89990234375,4782.89990234375,1872000
2020-03-23,4546.0,4761.0,4402.5,4753.89990234375,1486000
2020-03-24,4735.7001953125,4735.7001953125,4546.0,4546.0,1408000
2020-03-25,4998.10009765625,5024.5,4735.7001953125,4735.7001953125,1355600
2020-03-26,5113.2998046875,5174.39990234375,4998.10009765625,4998.10009765625,1216700
2020-03-27,4842.39990234375,5236.7001953125,4842.39990234375,5113.2998046875,1456800
2020-03-30,5181.39990234375,5181.39990234375,4833.10009765625,4842.39990234375,1033800
2020-03-31,5076.7998046875,5366.39990234375,5005.7998046875,5181.39990234375,1522500
2020-04-01,5258.60009765625,5272.2998046875,5076.7998046875,5076.7998046875,1064600
2020-04-02,5154.2998046875,5258.60009765625,5065.2001953125,5258.60009765625,1020200
2020-04-03,5067.5,5246.7998046875,5022.39990234375,5154.2998046875,1072000
2020-04-06,5286.7998046875,5302.2001953125,5067.5,5067.5,912700
2020-04-07,5252.2998046875,5423.10009765625,5187.0,5306.7998046875,1113300
2020-04-08,5206.89990234375,5321.0,5121.89990234375,5252.2998046875,1158400
2020-04-09,5387.2998046875,5387.2998046875,5206.89990234375,5206.89990234375,914200
2020-04-14,5488.10009765625,5490.7001953125,5360.0,5387.2998046875,1159400
2020-04-15,5466.7001953125,5533.0,5416.39990234375,5488.10009765625,1015700
2020-04-16,5416.2998046875,5466.7001953125,5345.0,5466.7001953125,1115600
2020-04-17,5487.5,5563.60009765625,5416.2998046875,5416.2998046875,1125300
2020-04-20,5353.0,5490.60009765625,5353.0,5486.2998046875,855400
2020-04-21,5221.2998046875,5353.0,5214.5,5353.0,960500
2020-04-22,5221.2001953125,5251.7001953125,5100.7001953125,5221.2998046875,996700
2020-04-23,5217.10009765625,5282.60009765625,5181.7001953125,5221.2001953125,877000
2020-04-24,5242.60009765625,5263.7998046875,5207.5,5217.10009765625,773900
2020-04-27,5321.39990234375,5329.39990234375,5214.7998046875,5242.60009765625,691700
2020-04-28,5313.10009765625,5373.7998046875,5272.7998046875,5321.39990234375,851800
2020-04-29,5393.39990234375,5393.39990234375,5312.7001953125,5313.10009765625,882600
2020-04-30,5522.39990234375,5549.10009765625,5393.39990234375,5393.39990234375,1198100
2020-05-01,5245.89990234375,5522.39990234375,5245.89990234375,5522.39990234375,1007000
2020-05-04,5319.7998046875,5328.39990234375,5169.60009765625,5245.89990234375,853400
2020-05-05,5407.10009765625,5407.10009765625,5319.7998046875,5319.7998046875,721900
2020-05-06,5384.60009765625,5408.60009765625,5345.0,5407.10009765625,694800
2020-05-07,5364.2001953125,5388.2998046875,5347.2998046875,5384.60009765625,780000
2020-05-08,5391.10009765625,5428.0,5378.5,5378.7001953125,851300
2020-05-11,5461.2001953125,5489.5,5405.7998046875,5405.89990234375,795500
2020-05-12,5403.0,5461.39990234375,5374.0,5461.2001953125,866400
2020-05-13,5421.89990234375,5421.89990234375,5301.89990234375,5403.0,895400
2020-05-14,5328.7001953125,5421.7001953125,5328.7001953125,5421.7001953125,829800
2020-05-15,5404.7998046875,5412.39990234375,5328.7001953125,5328.7001953125,750200
2020-05-18,5460.5,5486.2998046875,5404.7998046875,5404.7998046875,0
2020-05-19,5559.5,5606.7998046875,5460.5,5460.5,922400
2020-05-20,5573.0,5587.10009765625,5507.0,5559.5,753200
2020-05-21,5550.39990234375,5610.0,5545.2001953125,5573.0,853100
2020-05-22,5497.0,5569.7001953125,5494.7998046875,5550.39990234375,759100
2020-05-25,5615.60009765625,5615.60009765625,5497.0,5497.0,679200
2020-05-26,5780.0,5780.0,5615.60009765625,5615.60009765625,1021600
2020-05-27,5775.0,5835.89990234375,5713.89990234375,5780.0,1345200
2020-05-28,5851.10009765625,5922.0,5775.0,5775.0,1227600
2020-05-29,5755.7001953125,5851.10009765625,5755.7001953125,5851.10009765625,2447600
2020-06-01,5819.2001953125,5819.2001953125,5705.39990234375,5755.7001953125,841800
2020-06-02,5835.10009765625,5859.0,5800.0,5819.2001953125,957400
2020-06-03,5941.60009765625,5943.7001953125,5835.10009765625,5835.10009765625,1032300
2020-06-04,5991.7998046875,6040.2001953125,5941.60009765625,5941.60009765625,1328900
2020-06-05,5998.7001953125,6017.7998046875,5963.0,5991.7998046875,946400
2020-06-09,6144.89990234375,6198.60009765625,5998.7001953125,5998.7001953125,1407600
2020-06-10,6148.39990234375,6182.2998046875,6089.7001953125,6144.89990234375,1028500
2020-06-11,5960.60009765625,6148.39990234375,5949.60009765625,6148.39990234375,1147700
2020-06-12,5847.7998046875,5960.60009765625,5756.5,5960.60009765625,1323700
2020-06-15,5719.7998046875,5857.7001953125,5719.7998046875,5846.7001953125,1054600
2020-06-16,5942.2998046875,5975.7998046875,5758.5,5760.2001953125,1089000
2020-06-17,5991.7998046875,5991.7998046875,5931.5,5952.10009765625,919900
2020-06-18,5936.5,5986.89990234375,5888.7001953125,5986.89990234375,1173900
2020-06-19,5942.60009765625,6006.2998046875,5929.89990234375,5942.5,1950100
2020-06-22,5944.5,5972.60009765625,5881.10009765625,5942.60009765625,761300
2020-06-23,5954.39990234375,5999.2001953125,5882.7998046875,5944.5,916300
2020-06-24,5965.7001953125,5992.7998046875,5942.2998046875,5954.39990234375,817700
2020-06-25,5817.7001953125,5965.7001953125,5817.7001953125,5965.7001953125,883200
2020-06-26,5904.10009765625,5913.60009765625,5817.7001953125,5817.7001953125,901300
2020-06-29,5815.0,5904.10009765625,5773.2001953125,5904.10009765625,708900
2020-06-30,5897.89990234375,5955.2001953125,5815.0,5815.0,1009000
2020-07-01,5934.39990234375,5953.89990234375,5892.7998046875,5897.89990234375,729000
2020-07-02,6032.7001953125,6034.89990234375,5934.39990234375,5934.39990234375,832700
2020-07-03,6057.89990234375,6101.39990234375,6021.7001953125,6032.7001953125,645900
2020-07-06,6014.60009765625,6078.2998046875,6014.60009765625,6057.89990234375,568300
2020-07-07,6012.89990234375,6077.2998046875,6004.2001953125,6014.60009765625,772700
2020-07-08,5920.2998046875,6018.39990234375,5920.2998046875,6012.89990234375,777800
2020-07-09,5955.5,5998.7998046875,5920.2998046875,5920.2998046875,681300
2020-07-10,5919.2001953125,5956.2001953125,5899.5,5955.5,565400
2020-07-13,5977.5,6007.39990234375,5919.2001953125,5998.39990234375,666700
2020-07-14,5941.10009765625,5977.5,5918.7998046875,5977.5,652800
2020-07-15,6052.89990234375,6052.89990234375,5941.10009765625,5941.10009765625,656100
2020-07-16,6010.89990234375,6078.0,5989.89990234375,6052.89990234375,676700
2020-07-17,6033.60009765625,6042.39990234375,5999.39990234375,6010.89990234375,583200
2020-07-20,6001.60009765625,6038.7998046875,5991.89990234375,6033.60009765625,482300
2020-07-21,6156.2998046875,6160.60009765625,6001.60009765625,6001.60009765625,695400
2020-07-22,6075.10009765625,6156.2998046875,6055.5,6156.2998046875,614600
2020-07-23,6094.5,6102.7001953125,6052.10009765625,6075.10009765625,622900
2020-07-24,6024.0,6094.5,6010.7001953125,6094.5,547000
2020-07-27,6044.2001953125,6044.5,6013.10009765625,6024.0,577100
2020-07-28,6020.5,6113.7998046875,6019.7998046875,6044.2001953125,732400
2020-07-29,6006.39990234375,6051.10009765625,6000.7001953125,6019.2001953125,675800
2020-07-30,6051.10009765625,6067.0,6019.39990234375,6019.39990234375,668700
2020-07-31,5927.7998046875,6051.10009765625,5893.2001953125,6051.10009765625,879100
2020-08-03,5926.10009765625,5927.7998046875,5860.7001953125,5927.7998046875,0
2020-08-04,6037.60009765625,6059.5,5946.7998046875,5947.10009765625,692300
2020-08-05,6001.2998046875,6033.89990234375,5964.89990234375,6031.7001953125,672500
2020-08-06,6042.2001953125,6049.2998046875,6009.2998046875,6015.7998046875,696500
2020-08-07,6004.7998046875,6042.2001953125,5993.39990234375,6042.2001953125,612500
2020-08-10,6110.2001953125,6125.2998046875,6004.7998046875,6004.7998046875,644800
2020-08-11,6138.7001953125,6186.10009765625,6110.2001953125,6110.2001953125,726800
2020-08-12,6132.0,6154.5,6101.10009765625,6138.7001953125,771900
2020-08-13,6091.0,6157.2998046875,6075.7998046875,6132.0,874600
2020-08-14,6126.2001953125,6139.10009765625,6091.0,6091.0,734600
2020-08-17,6076.39990234375,6118.0,6059.2998046875,6117.5,694400
2020-08-18,6123.39990234375,6139.2998046875,6075.60009765625,6076.39990234375,832500
2020-08-19,6167.60009765625,6196.60009765625,6122.5,6123.39990234375,883000
2020-08-20,6120.0,6167.60009765625,6096.7001953125,6167.60009765625,867100
2020-08-21,6111.2001953125,6166.39990234375,6104.7998046875,6120.0,812200
2020-08-24,6129.60009765625,6134.7998046875,6094.7001953125,6111.2001953125,793800
2020-08-25,6161.39990234375,6199.2001953125,6129.60009765625,6129.60009765625,901000
2020-08-26,6116.39990234375,6160.39990234375,6079.7998046875,6160.39990234375,886400
2020-08-27,6126.2001953125,6159.7998046875,6117.10009765625,6119.10009765625,824900
2020-08-28,6073.7998046875,6126.2001953125,6056.0,6126.2001953125,785300
2020-08-31,6060.5,6093.89990234375,6060.5,6073.7998046875,811400
2020-09-01,5953.39990234375,6060.5,5908.89990234375,6060.5,885100
2020-09-02,6063.2001953125,6075.7001953125,5953.39990234375,5953.39990234375,786400
2020-09-03,6112.60009765625,6130.7998046875,6063.2001953125,6063.2001953125,753600
2020-09-04,5925.5,6112.60009765625,5918.7998046875,6112.60009765625,761800
2020-09-07,5944.7998046875,5958.89990234375,5869.89990234375,5925.5,586600
2020-09-08,6007.7998046875,6025.5,5944.7998046875,5944.7998046875,617200
2020-09-09,5878.60009765625,6007.7998046875,5849.39990234375,6007.7998046875,818500
2020-09-10,5908.5,5955.7001953125,5874.7998046875,5878.60009765625,747500
2020-09-11,5859.39990234375,5908.5,5836.2001953125,5908.5,620700
2020-09-14,5899.5,5903.2001953125,5859.39990234375,5859.39990234375,619600
2020-09-15,5894.7998046875,5919.2001953125,5883.89990234375,5899.5,800600
2020-09-16,5956.10009765625,5958.5,5894.7998046875,5894.7998046875,842200
2020-09-17,5883.2001953125,5956.5,5883.2001953125,5956.10009765625,916000
2020-09-18,5864.5,5921.39990234375,5864.5,5883.2001953125,1513000
2020-09-21,5822.60009765625,5868.5,5808.2001953125,5864.5,690900
2020-09-22,5784.10009765625,5822.60009765625,5763.2001953125,5822.60009765625,793100
2020-09-23,5923.89990234375,5933.2998046875,5784.10009765625,5784.10009765625,831400
2020-09-24,5875.89990234375,5923.89990234375,5824.7998046875,5923.89990234375,713000
2020-09-25,5964.89990234375,5973.7001953125,5875.89990234375,5875.89990234375,673500
2020-09-28,5952.2998046875,5977.2998046875,5941.0,5964.89990234375,579900
2020-09-29,5952.10009765625,5995.39990234375,5935.10009765625,5952.2998046875,626000
2020-09-30,5815.89990234375,5952.0,5815.89990234375,5952.0,931000
2020-10-01,5872.89990234375,5916.5,5815.89990234375,5815.89990234375,610900
2020-10-02,5791.5,5872.89990234375,5779.60009765625,5872.89990234375,776300
2020-10-05,5941.60009765625,5942.7998046875,5791.5,5791.5,430900
2020-10-06,5962.10009765625,5963.89990234375,5912.7001953125,5941.60009765625,626200
2020-10-07,6036.39990234375,6043.7998046875,5944.7001953125,5953.10009765625,631200
2020-10-08,6102.0,6123.39990234375,6036.39990234375,6036.39990234375,631600
2020-10-09,6102.2001953125,6127.39990234375,6087.60009765625,6102.0,564400
2020-10-12,6132.0,6132.0,6093.10009765625,6102.2001953125,509800
2020-10-13,6195.7001953125,6214.7001953125,6132.0,6132.0,650200
2020-10-14,6179.2001953125,6198.39990234375,6174.7001953125,6195.7001953125,651600
2020-10-15,6210.2998046875,6233.39990234375,6179.2001953125,6179.2001953125,661400
2020-10-16,6176.7998046875,6216.2001953125,6165.0,6208.10009765625,619000
2020-10-19,6229.39990234375,6248.2998046875,6184.60009765625,6187.0,496400
2020-10-20,6184.60009765625,6241.10009765625,6181.10009765625,6226.5,586500
2020-10-21,6191.7998046875,6206.2998046875,6181.2001953125,6187.2998046875,614600
2020-10-22,6173.7998046875,6179.7001953125,6100.60009765625,6179.2998046875,720300
2020-10-23,6167.0,6184.2001953125,6148.39990234375,6173.7998046875,562600
2020-10-26,6155.60009765625,6206.5,6154.7998046875,6167.0,610700
2020-10-27,6051.0,6155.60009765625,6033.7998046875,6155.60009765625,713000
2020-10-28,6057.7001953125,6075.60009765625,6020.2001953125,6042.7998046875,627100
2020-10-29,5960.2998046875,6034.2001953125,5940.0,6032.2001953125,700200
2020-10-30,5927.60009765625,5986.60009765625,5927.60009765625,5960.2998046875,871400
2020-11-02,5951.2998046875,5960.60009765625,5904.10009765625,5927.60009765625,595000
2020-11-03,6066.39990234375,6090.7998046875,5951.2998046875,5951.2998046875,633800
2020-11-04,6062.10009765625,6096.39990234375,5986.0,6066.39990234375,677800
2020-11-05,6139.60009765625,6143.7001953125,6062.10009765625,6062.10009765625,679200
2020-11-06,6190.2001953125,6202.2998046875,6139.60009765625,6139.60009765625,665200
2020-11-09,6298.7998046875,6303.10009765625,6190.2001953125,6190.2001953125,600300
2020-11-10,6340.5,6438.2001953125,6298.7998046875,6298.7998046875,1254900
2020-11-11,6449.7001953125,6451.0,6340.5,6340.5,1025500
2020-11-12,6418.2001953125,6470.89990234375,6399.60009765625,6454.7001953125,834400
2020-11-13,6405.2001953125,6418.39990234375,6377.60009765625,6418.39990234375,688600
2020-11-16,6484.2998046875,6487.2998046875,6405.2001953125,6405.2001953125,40200
2020-11-17,6498.2001953125,6527.7001953125,6490.2001953125,6496.2998046875,983100
2020-11-18,6531.10009765625,6541.2001953125,6494.7001953125,6498.2001953125,824200
2020-11-19,6547.2001953125,6547.2001953125,6498.0,6531.10009765625,701300
2020-11-20,6539.2001953125,6562.10009765625,6535.60009765625,6544.0,636700
2020-11-23,6561.60009765625,6594.0,6539.2001953125,6539.2001953125,554400
2020-11-24,6644.10009765625,6661.39990234375,6561.60009765625,6561.60009765625,811500
2020-11-25,6683.2998046875,6713.2998046875,6644.10009765625,6644.10009765625,969700
2020-11-26,6636.39990234375,6686.39990234375,6636.39990234375,6683.2998046875,621800
2020-11-27,6601.10009765625,6636.39990234375,6587.89990234375,6636.39990234375,491500
2020-11-30,6517.7998046875,6641.10009765625,6517.7998046875,6605.5,1118600
2020-12-01,6588.5,6613.5,6511.39990234375,6517.2001953125,701800
2020-12-02,6590.2001953125,6616.0,6561.5,6588.5,749000
2020-12-03,6615.2998046875,6628.2001953125,6590.2001953125,6590.2001953125,699400
2020-12-04,6634.10009765625,6650.10009765625,6613.89990234375,6615.2998046875,612100
2020-12-07,6675.0,6714.7001953125,6634.2998046875,6634.2998046875,604300
2020-12-08,6687.7001953125,6699.39990234375,6658.89990234375,6669.39990234375,656800
2020-12-09,6728.5,6745.2998046875,6687.7001953125,6687.7001953125,578600
2020-12-10,6683.10009765625,6728.5,6678.2998046875,6728.5,705900
2020-12-11,6642.60009765625,6688.2001953125,6632.2998046875,6683.10009765625,688000
2020-12-14,6660.2001953125,6693.7001953125,6642.60009765625,6642.60009765625,575600
2020-12-15,6631.2998046875,6654.5,6625.7001953125,6654.2001953125,626200
2020-12-16,6679.2001953125,6719.60009765625,6631.2998046875,6631.2998046875,652500
2020-12-17,6756.7001953125,6756.7001953125,6679.2001953125,6679.2001953125,801300
2020-12-18,6675.5,6765.7001953125,6675.5,6757.0,1437000
2020-12-21,6669.89990234375,6678.5,6635.7998046875,6675.5,570900
2020-12-22,6599.60009765625,6669.89990234375,6585.0,6669.89990234375,536600
2020-12-23,6643.10009765625,6661.2001953125,6599.60009765625,6599.60009765625,462500
2020-12-24,6664.7998046875,6704.89990234375,6643.10009765625,6643.10009765625,230300
2020-12-29,6700.2998046875,6725.10009765625,6664.7998046875,6664.7998046875,330400
2020-12-30,6682.39990234375,6700.2998046875,6630.5,6700.2998046875,354200
2020-12-31,6587.10009765625,6682.39990234375,6587.10009765625,6682.39990234375,272900
2021-01-04,6684.2001953125,6684.2001953125,6587.10009765625,6587.10009765625,381400
2021-01-05,6681.89990234375,6684.5,6635.10009765625,6684.2001953125,527200
2021-01-06,6607.10009765625,6685.7001953125,6588.89990234375,6681.89990234375,565400
2021-01-07,6712.0,6733.39990234375,6607.10009765625,6607.10009765625,621500
2021-01-08,6757.89990234375,6757.89990234375,6713.7998046875,6721.0,457200
2021-01-11,6697.2001953125,6761.0,6689.39990234375,6757.89990234375,502200
2021-01-12,6679.10009765625,6733.5,6679.10009765625,6697.7001953125,503600
2021-01-13,6686.60009765625,6691.60009765625,6657.10009765625,6679.10009765625,550300
2021-01-14,6715.2998046875,6724.7998046875,6669.2998046875,6686.60009765625,562400
2021-01-15,6715.39990234375,6752.39990234375,6715.2998046875,6715.2998046875,593000
2021-01-18,6663.0,6702.39990234375,6651.60009765625,6700.89990234375,448200
2021-01-19,6742.60009765625,6748.89990234375,6670.5,6670.5,502200
2021-01-20,6770.39990234375,6788.10009765625,6742.60009765625,6742.60009765625,529700
2021-01-21,6823.7001953125,6829.2998046875,6770.39990234375,6770.39990234375,642300
2021-01-22,6800.39990234375,6823.89990234375,6794.10009765625,6823.7001953125,619200
2021-01-25,6824.7001953125,6832.60009765625,6800.39990234375,6800.39990234375,381100
2021-01-27,6780.60009765625,6821.39990234375,6764.2998046875,6817.5,659600
2021-01-28,6649.7001953125,6780.60009765625,6597.60009765625,6780.60009765625,715300
2021-01-29,6607.39990234375,6730.2001953125,6585.2998046875,6649.7001953125,728600
2021-02-01,6663.0,6675.10009765625,6517.2001953125,6607.39990234375,624800
2021-02-02,6762.60009765625,6774.7001953125,6663.0,6663.0,629400
2021-02-03,6824.60009765625,6852.89990234375,6762.60009765625,6762.60009765625,706800
2021-02-04,6765.5,6828.7001953125,6757.2001953125,6824.60009765625,545500
2021-02-05,6840.5,6846.7001953125,6779.5,6779.5,552800
2021-02-08,6880.7001953125,6901.0,6840.5,6840.5,492400
2021-02-09,6821.2001953125,6899.7001953125,6821.2001953125,6880.7001953125,578400
2021-02-10,6856.89990234375,6869.2001953125,6821.2001953125,6821.2001953125,515600
2021-02-11,6850.10009765625,6875.7998046875,6837.5,6856.89990234375,528800
2021-02-12,6806.7001953125,6852.7998046875,6802.39990234375,6850.10009765625,431800
2021-02-15,6868.89990234375,6883.10009765625,6806.7001953125,6806.7001953125,499000
2021-02-16,6917.2998046875,6917.2998046875,6868.89990234375,6868.89990234375,616300
2021-02-17,6885.2001953125,6938.0,6863.0,6917.2998046875,776500
2021-02-18,6885.89990234375,6915.7998046875,6875.2998046875,6885.2001953125,753400
2021-02-19,6793.7998046875,6886.7001953125,6769.89990234375,6885.89990234375,701400
2021-02-22,6780.89990234375,6824.7998046875,6774.2998046875,6808.2998046875,653200
2021-02-23,6839.2001953125,6839.2001953125,6765.2998046875,6776.2998046875,806200
2021-02-24,6777.7998046875,6839.2001953125,6762.60009765625,6839.2001953125,677300
2021-02-25,6834.0,6857.2998046875,6792.10009765625,6793.10009765625,806700
2021-02-26,6673.2998046875,6793.89990234375,6658.89990234375,6792.60009765625,1032700
2021-03-01,6789.60009765625,6790.10009765625,6672.2001953125,6673.2998046875,734300
2021-03-02,6762.2998046875,6860.7001953125,6762.2998046875,6789.60009765625,739300
2021-03-03,6818.0,6818.7998046875,6774.39990234375,6778.5,591200
2021-03-04,6760.7001953125,6809.39990234375,6709.0,6809.0,737500
2021-03-05,6710.7998046875,6760.7001953125,6660.5,6760.7001953125,702400
2021-03-08,6739.60009765625,6835.60009765625,6739.60009765625,6741.7998046875,609600
2021-03-09,6771.2001953125,6810.0,6741.7001953125,6741.7001953125,733600
2021-03-10,6714.10009765625,6806.5,6714.10009765625,6776.10009765625,619800
2021-03-11,6713.89990234375,6756.7001953125,6648.60009765625,6711.60009765625,665900
2021-03-12,6766.7998046875,6783.0,6736.60009765625,6736.89990234375,468300
2021-03-15,6773.0,6793.5,6727.5,6765.2998046875,484500
2021-03-16,6827.10009765625,6858.89990234375,6767.7998046875,6773.0,587100
2021-03-17,6795.2001953125,6827.10009765625,6761.39990234375,6827.10009765625,603800
2021-03-18,6745.89990234375,6806.2001953125,6744.5,6795.2001953125,715600
2021-03-19,6708.2001953125,6740.89990234375,6673.7001953125,6731.7998046875,1245600
2021-03-22,6752.5,6763.39990234375,6688.2001953125,6708.0,472000
2021-03-23,6745.39990234375,6786.2001953125,6741.2998046875,6757.7998046875,518800
2021-03-24,6778.7998046875,6799.10009765625,6735.60009765625,6741.7998046875,503000
2021-03-25,6790.60009765625,6806.0,6769.89990234375,6772.7998046875,557700
2021-03-26,6824.2001953125,6835.0,6790.60009765625,6790.60009765625,571500
2021-03-29,6799.5,6860.60009765625,6794.10009765625,6824.2001953125,502100
2021-03-30,6738.39990234375,6836.2998046875,6738.39990234375,6807.0,513800
2021-03-31,6790.7001953125,6862.60009765625,6755.0,6756.39990234375,717600
2021-04-01,6828.7001953125,6830.39990234375,6783.2998046875,6800.7001953125,473200
2021-04-06,6885.89990234375,6915.7001953125,6848.39990234375,6848.39990234375,517500
2021-04-07,6928.0,6933.89990234375,6889.39990234375,6890.0,612700
2021-04-08,6998.7998046875,7012.39990234375,6941.60009765625,6941.60009765625,543900
2021-04-09,6995.2001953125,6998.2998046875,6965.5,6996.89990234375,425900
2021-04-12,6974.0,6996.7001953125,6957.39990234375,6996.7001953125,405100
2021-04-13,6976.89990234375,6998.0,6962.89990234375,6975.2998046875,507300
2021-04-14,7023.10009765625,7027.39990234375,6980.10009765625,6983.7001953125,576400
2021-04-15,7058.60009765625,7071.5,6988.60009765625,7033.5,686700
2021-04-16,7063.5,7066.39990234375,7030.10009765625,7063.60009765625,627000
2021-04-19,7065.60009765625,7094.7998046875,7065.60009765625,7069.0,473500
2021-04-20,7017.7998046875,7067.2001953125,7008.7998046875,7067.2001953125,554600
2021-04-21,6997.5,7000.5,6905.39990234375,6998.2998046875,689100
2021-04-22,7055.39990234375,7055.39990234375,6993.7001953125,7005.5,664000
2021-04-23,7060.7001953125,7060.7001953125,7036.7998046875,7043.7998046875,485400
2021-04-26,7045.60009765625,7075.2001953125,7045.60009765625,7071.0,427500
2021-04-27,7033.7998046875,7053.2998046875,7005.89990234375,7053.2998046875,596300
2021-04-28,7064.7001953125,7077.5,7028.60009765625,7030.5,620700
2021-04-29,7082.2998046875,7096.89990234375,7069.0,7075.2001953125,634900
2021-04-30,7025.7998046875,7075.5,7012.7998046875,7075.5,615500
2021-05-03,7028.7998046875,7068.39990234375,7022.0,7022.0,468200
2021-05-04,7067.89990234375,7069.5,7034.7998046875,7039.7998046875,484100
2021-05-05,7095.7998046875,7122.0,7054.0,7068.10009765625,510200
2021-05-06,7061.7001953125,7112.5,7042.7001953125,7107.2998046875,624500
2021-05-07,7080.7998046875,7101.2001953125,7054.10009765625,7068.2001953125,532200
2021-05-10,7172.7998046875,7172.7998046875,7076.10009765625,7076.10009765625,588400
2021-05-11,7097.0,7165.2001953125,7078.0,7164.7001953125,558900
2021-05-12,7044.89990234375,7093.39990234375,7006.60009765625,7093.39990234375,644600
2021-05-13,6982.7001953125,7040.0,6966.5,7038.7998046875,616800
2021-05-14,7014.2001953125,7055.7001953125,6996.2998046875,6996.2998046875,521000
2021-05-17,7023.60009765625,7065.7001953125,7023.60009765625,7027.7998046875,453200
2021-05-18,7066.0,7083.60009765625,7036.60009765625,7037.89990234375,524900
2021-05-19,6931.7001953125,7049.2001953125,6917.2998046875,7048.39990234375,702200
2021-05-20,7019.60009765625,7025.39990234375,6919.39990234375,6919.39990234375,664400
2021-05-21,7030.2998046875,7056.39990234375,6999.60009765625,7019.7998046875,589800
2021-05-24,7045.89990234375,7061.89990234375,7015.5,7026.10009765625,456000
2021-05-25,7115.2001953125,7115.2001953125,7053.2001953125,7053.2001953125,483400
2021-05-26,7092.5,7136.39990234375,7090.10009765625,7105.0,518000
2021-05-27,7094.89990234375,7118.89990234375,7082.39990234375,7099.89990234375,1395500
2021-05-28,7179.5,7186.7998046875,7114.60009765625,7115.2998046875,606900
2021-05-31,7161.60009765625,7203.2998046875,7157.2001953125,7185.0,499800
2021-06-01,7142.60009765625,7163.0,7117.5,7162.7998046875,414800
2021-06-02,7217.7998046875,7218.89990234375,7159.7998046875,7161.89990234375,569800
2021-06-03,7260.10009765625,7281.7998046875,7221.2998046875,7221.7001953125,592800
2021-06-04,7295.39990234375,7300.5,7244.2998046875,7251.2001953125,645700
2021-06-07,7281.89990234375,7309.39990234375,7269.39990234375,7305.0,471200
2021-06-08,7292.60009765625,7315.60009765625,7267.60009765625,7275.2001953125,504200
2021-06-09,7270.2001953125,7334.89990234375,7270.2001953125,7300.2001953125,567100
2021-06-10,7302.5,7314.60009765625,7265.60009765625,7265.60009765625,595500
2021-06-11,7312.2998046875,7329.7001953125,7274.7998046875,7305.7998046875,556900
2021-06-15,7379.5,7398.60009765625,7319.0,7319.5,613700
2021-06-16,7386.2001953125,7406.2001953125,7372.39990234375,7373.0,659600
2021-06-17,7359.0,7384.5,7341.89990234375,7384.5,772100
2021-06-18,7368.89990234375,7403.2001953125,7334.89990234375,7347.2001953125,1225100
2021-06-21,7235.2998046875,7347.10009765625,7216.60009765625,7347.10009765625,607400
2021-06-22,7342.2001953125,7365.89990234375,7258.2001953125,7258.2001953125,573100
2021-06-23,7298.5,7344.0,7292.89990234375,7342.7001953125,554000
2021-06-24,7275.2998046875,7303.7998046875,7256.2998046875,7303.2998046875,583500
2021-06-25,7308.0,7325.60009765625,7287.60009765625,7288.2998046875,589900
2021-06-28,7307.2998046875,7310.60009765625,7273.7001953125,7309.5,515600
2021-06-29,7301.2001953125,7308.0,7241.5,7308.0,514700
2021-06-30,7313.0,7370.10009765625,7307.0,7307.39990234375,675200
2021-07-01,7265.60009765625,7317.2001953125,7265.60009765625,7314.7001953125,573300
2021-07-02,7308.60009765625,7312.2998046875,7271.0,7273.2001953125,501000
2021-07-05,7315.0,7343.7001953125,7306.7001953125,7310.5,548300
2021-07-06,7261.7998046875,7346.2001953125,7261.7998046875,7321.0,552700
2021-07-07,7326.89990234375,7332.39990234375,7255.5,7255.5,705200
2021-07-08,7341.39990234375,7381.89990234375,7327.0,7338.2998046875,574000
2021-07-09,7251.7998046875,7330.39990234375,7226.0,7330.2998046875,621900
2021-07-12,7333.5,7353.39990234375,7299.5,7299.5,471300
2021-07-13,7332.10009765625,7382.2001953125,7332.10009765625,7340.60009765625,616700
2021-07-14,7354.7001953125,7368.5,7326.5,7328.39990234375,561300
2021-07-15,7335.89990234375,7365.7001953125,7322.89990234375,7359.7998046875,643700
2021-07-16,7348.10009765625,7348.10009765625,7316.2998046875,7330.39990234375,592100
2021-07-19,7286.0,7325.0,7249.2001953125,7325.0,496400
2021-07-20,7252.2001953125,7286.0,7205.0,7286.0,644600
2021-07-21,7308.7001953125,7354.7998046875,7252.2001953125,7252.2001953125,581300
2021-07-22,7386.39990234375,7386.39990234375,7308.7001953125,7308.7001953125,0
2021-07-23,7394.39990234375,7398.7001953125,7357.0,7380.5,493600
2021-07-26,7394.2998046875,7417.60009765625,7389.2998046875,7394.39990234375,548100
2021-07-27,7431.39990234375,7447.89990234375,7409.5,7411.39990234375,559600
2021-07-28,7379.2998046875,7432.39990234375,7368.2998046875,7425.39990234375,586000
2021-07-29,7417.39990234375,7418.7001953125,7392.5,7400.5,515000
2021-07-30,7392.60009765625,7437.7001953125,7387.89990234375,7423.0,632500
2021-08-02,7491.39990234375,7506.2998046875,7414.89990234375,7415.89990234375,576300
2021-08-03,7474.5,7495.89990234375,7455.5,7495.7001953125,623300
2021-08-04,7503.2001953125,7509.2001953125,7477.60009765625,7485.60009765625,499700
2021-08-05,7511.10009765625,7526.39990234375,7493.0,7498.2998046875,510300
2021-08-06,7538.39990234375,7538.39990234375,7497.2998046875,7502.7998046875,539400
2021-08-09,7538.39990234375,7567.0,7532.7998046875,7537.7998046875,526800
2021-08-10,7562.60009765625,7576.2998046875,7537.10009765625,7549.39990234375,525100
2021-08-11,7584.2998046875,7615.10009765625,7572.7001953125,7574.89990234375,643200
2021-08-12,7588.2001953125,7608.60009765625,7571.5,7590.0,627800
2021-08-13,7628.89990234375,7632.7998046875,7585.89990234375,7585.89990234375,605000
2021-08-16,7582.5,7629.0,7582.5,7629.0,647000
2021-08-17,7511.0,7582.5,7494.39990234375,7582.5,559100
2021-08-18,7502.10009765625,7532.89990234375,7470.5,7511.0,653500
2021-08-19,7464.60009765625,7502.10009765625,7429.2001953125,7502.10009765625,747600
2021-08-20,7460.89990234375,7512.0,7453.60009765625,7464.60009765625,712700
2021-08-23,7489.89990234375,7496.2998046875,7463.2998046875,7474.39990234375,617300
2021-08-24,7503.0,7524.39990234375,7489.89990234375,7489.89990234375,685500
2021-08-25,7531.89990234375,7542.39990234375,7507.7998046875,7507.7998046875,710500
2021-08-26,7491.2001953125,7531.89990234375,7477.7998046875,7531.89990234375,771800
2021-08-27,7488.2998046875,7494.5,7465.0,7491.2001953125,756500
2021-08-30,7504.5,7528.2998046875,7476.0,7488.2998046875,648100
2021-08-31,7534.89990234375,7555.89990234375,7507.0,7507.0,805800
2021-09-01,7527.10009765625,7527.7998046875,7462.2001953125,7524.7998046875,618500
2021-09-02,7485.7001953125,7509.60009765625,7437.2001953125,7497.89990234375,631400
2021-09-03,7522.89990234375,7539.0,7486.0,7486.0,586700
2021-09-06,7528.5,7528.5,7440.10009765625,7521.2001953125,807600
2021-09-07,7530.2998046875,7536.89990234375,7487.7998046875,7526.5,591500
2021-09-08,7512.0,7522.2001953125,7476.2998046875,7520.39990234375,688900
2021-09-09,7369.5,7503.60009765625,7344.2998046875,7502.2998046875,740200
2021-09-10,7406.60009765625,7430.0,7376.5,7376.5,599100
2021-09-13,7425.2001953125,7436.7998046875,7389.39990234375,7405.7998046875,591700
2021-09-14,7437.2998046875,7446.0,7388.89990234375,7423.5,810700
2021-09-15,7417.0,7431.0,7378.89990234375,7423.5,783000
2021-09-16,7460.2001953125,7487.60009765625,7428.2001953125,7428.2001953125,908900
2021-09-17,7403.7001953125,7447.0,7376.10009765625,7447.0,1611600
2021-09-20,7248.2001953125,7390.39990234375,7233.60009765625,7390.39990234375,721100
2021-09-21,7273.7998046875,7285.89990234375,7191.7001953125,7237.7001953125,740300
2021-09-22,7296.89990234375,7338.60009765625,7241.7998046875,7269.7001953125,663800
2021-09-23,7370.2001953125,7387.0,7309.2998046875,7310.39990234375,696700
2021-09-24,7342.60009765625,7377.0,7334.2001953125,7374.39990234375,666300
2021-09-27,7384.2001953125,7416.39990234375,7347.2998046875,7347.2998046875,630600
2021-09-28,7275.60009765625,7380.89990234375,7275.60009765625,7380.89990234375,753700
2021-09-29,7196.7001953125,7254.0,7145.7001953125,7253.10009765625,850900
2021-09-30,7332.2001953125,7332.2001953125,7204.10009765625,7204.10009765625,801800
2021-10-01,7185.5,7310.7001953125,7157.89990234375,7310.7001953125,785100
2021-10-04,7278.5,7305.89990234375,7202.10009765625,7202.2998046875,464100
2021-10-05,7248.39990234375,7269.5,7202.7001953125,7266.89990234375,735900
2021-10-06,7206.5,7279.39990234375,7183.5,7258.39990234375,726900
2021-10-07,7256.7001953125,7265.2001953125,7216.10009765625,7216.89990234375,716300
2021-10-08,7320.10009765625,7322.0,7266.7001953125,7272.7998046875,622200
2021-10-11,7299.7998046875,7314.2998046875,7250.0,7314.2998046875,613000
2021-10-12,7280.7001953125,7330.39990234375,7260.39990234375,7297.89990234375,669100
2021-10-13,7272.5,7294.0,7256.2998046875,7281.7998046875,589800
2021-10-14,7311.7001953125,7358.60009765625,7281.10009765625,7281.10009765625,648100
2021-10-15,7362.0,7373.2001953125,7324.7998046875,7329.5,565800
2021-10-18,7381.10009765625,7393.7998046875,7354.10009765625,7366.7001953125,562500
2021-10-19,7374.89990234375,7406.89990234375,7373.7998046875,7382.10009765625,583000
2021-10-20,7413.7001953125,7449.5,7387.2998046875,7387.89990234375,746800
2021-10-21,7415.39990234375,7446.7001953125,7403.7001953125,7426.2998046875,751000
2021-10-22,7415.5,7431.39990234375,7391.2998046875,7407.0,638400
2021-10-25,7441.0,7471.7001953125,7415.7998046875,7418.89990234375,464100
2021-10-26,7443.39990234375,7471.2998046875,7439.2001953125,7449.2998046875,516100
2021-10-27,7448.7001953125,7473.89990234375,7419.7001953125,7440.60009765625,596700
2021-10-28,7430.39990234375,7444.60009765625,7404.60009765625,7440.39990234375,578200
2021-10-29,7323.7001953125,7447.0,7318.7998046875,7437.89990234375,695900
2021-11-01,7370.7998046875,7388.2998046875,7325.60009765625,7332.5,612000
2021-11-02,7324.2998046875,7395.89990234375,7311.60009765625,7371.5,491500
2021-11-03,7392.7001953125,7431.60009765625,7336.89990234375,7338.5,587800
2021-11-04,7428.0,7428.0,7398.39990234375,7401.7001953125,658100
2021-11-05,7456.89990234375,7477.2001953125,7424.39990234375,7425.89990234375,568000
2021-11-08,7452.2001953125,7474.2998046875,7433.39990234375,7453.10009765625,581100
2021-11-09,7434.2001953125,7468.60009765625,7434.2001953125,7459.0,609600
2021-11-10,7423.89990234375,7460.5,7411.89990234375,7429.7998046875,549100
2021-11-11,7381.89990234375,7423.7998046875,7329.5,7420.60009765625,601100
2021-11-12,7443.0,7465.7998046875,7394.0,7394.7998046875,572700
2021-11-15,7470.10009765625,7479.10009765625,7437.89990234375,7439.39990234375,499100
2021-11-16,7420.39990234375,7459.89990234375,7403.5,7458.7001953125,626100
2021-11-17,7369.89990234375,7431.10009765625,7342.89990234375,7418.7001953125,626100
2021-11-18,7379.2001953125,7398.2001953125,7343.7998046875,7368.7001953125,633700
2021-11-19,7396.5,7404.89990234375,7376.0,7376.0,525300
2021-11-22,7353.10009765625,7396.5,7337.0,7396.5,486300
2021-11-23,7410.60009765625,7416.60009765625,7353.10009765625,7353.10009765625,606300
2021-11-24,7399.39990234375,7425.0,7381.7998046875,7410.60009765625,595300
2021-11-25,7407.2998046875,7412.7001953125,7373.7001953125,7406.10009765625,597800
2021-11-26,7279.2998046875,7403.7998046875,7260.2998046875,7403.7998046875,577200
2021-11-29,7239.7998046875,7276.2998046875,7180.2998046875,7260.5,817900
2021-11-30,7256.0,7332.60009765625,7254.7001953125,7255.2001953125,1119400
2021-12-01,7235.89990234375,7262.2998046875,7183.39990234375,7251.89990234375,654000
2021-12-02,7225.2001953125,7239.7001953125,7168.89990234375,7217.5,652400
2021-12-03,7241.2001953125,7288.2001953125,7211.5,7241.2998046875,631400
2021-12-06,7245.10009765625,7257.89990234375,7207.7998046875,7222.7998046875,650400
2021-12-07,7313.89990234375,7326.10009765625,7252.7998046875,7255.7001953125,601700
2021-12-08,7405.39990234375,7443.39990234375,7334.5,7334.60009765625,675500
2021-12-09,7384.5,7418.2998046875,7377.7001953125,7396.7998046875,542200
2021-12-10,7353.5,7376.2001953125,7336.7001953125,7376.2001953125,599500
2021-12-13,7379.2998046875,7417.7001953125,7359.39990234375,7359.60009765625,452100
2021-12-14,7378.39990234375,7393.5,7341.2998046875,7368.89990234375,581400
2021-12-15,7327.10009765625,7375.39990234375,7325.7001953125,7374.2998046875,514700
2021-12-16,7295.7001953125,7334.5,7277.10009765625,7332.7001953125,787400
2021-12-17,7304.0,7350.2998046875,7297.5,7298.39990234375,1220600
2021-12-20,7292.2001953125,7302.7001953125,7257.7998046875,7299.39990234375,537700
2021-12-21,7355.0,7358.2998046875,7287.2998046875,7287.2998046875,571400
2021-12-22,7364.7998046875,7374.5,7333.0,7361.89990234375,539800
2021-12-23,7387.60009765625,7404.2001953125,7363.60009765625,7365.10009765625,390000
2021-12-24,7420.2998046875,7435.89990234375,7387.60009765625,7387.60009765625,230000
2021-12-29,7509.7998046875,7518.39990234375,7426.2998046875,7427.10009765625,428600
2021-12-30,7513.39990234375,7520.60009765625,7499.5,7512.2001953125,365300
2021-12-31,7444.60009765625,7515.2998046875,7444.60009765625,7515.2998046875,272400
2022-01-04,7589.7998046875,7594.7001953125,7456.10009765625,7456.2001953125,491700
2022-01-05,7565.7998046875,7620.2001953125,7563.39990234375,7591.39990234375,472300
2022-01-06,7358.2998046875,7551.39990234375,7340.39990234375,7550.5,623900
2022-01-07,7453.2998046875,7484.60009765625,7376.7998046875,7377.10009765625,469100
2022-01-10,7447.10009765625,7460.2001953125,7409.89990234375,7460.2001953125,410100
2022-01-11,7390.10009765625,7440.7001953125,7376.7998046875,7439.2998046875,549600
2022-01-12,7438.89990234375,7467.5,7403.7001953125,7403.7001953125,569400
2022-01-13,7474.39990234375,7487.2998046875,7448.89990234375,7449.7001953125,605200
2022-01-14,7393.89990234375,7458.5,7386.7998046875,7457.2998046875,620000
2022-01-17,7417.2998046875,7429.2998046875,7385.7998046875,7395.2001953125,472800
2022-01-18,7408.7998046875,7445.10009765625,7398.2001953125,7424.39990234375,549300
2022-01-19,7332.5,7398.7001953125,7325.7001953125,7398.7001953125,697400
2022-01-20,7342.39990234375,7354.60009765625,7298.5,7333.7998046875,684500
2022-01-21,7175.7998046875,7320.7001953125,7153.2998046875,7320.60009765625,911000
2022-01-24,7139.5,7173.7001953125,7086.7998046875,7173.7001953125,760500
2022-01-25,6961.60009765625,7129.89990234375,6920.7001953125,7129.89990234375,1101100
2022-01-27,6838.2998046875,7042.7998046875,6758.2001953125,6971.10009765625,1178700
2022-01-28,6988.10009765625,7000.0,6837.89990234375,6865.39990234375,2091100
2022-01-31,6971.60009765625,7004.39990234375,6932.7001953125,6967.89990234375,759100
2022-02-01,7006.0,7043.60009765625,6945.7001953125,6958.2998046875,685800
2022-02-02,7087.7001953125,7107.2001953125,7022.89990234375,7031.2001953125,643500
2022-02-03,7078.0,7095.10009765625,7045.7998046875,7095.10009765625,628800
2022-02-04,7120.2001953125,7120.2001953125,7045.89990234375,7058.5,833700
2022-02-07,7110.7998046875,7128.2998046875,7046.5,7113.7998046875,617900
2022-02-08,7186.7001953125,7203.0,7116.39990234375,7120.39990234375,771000
2022-02-09,7268.2998046875,7268.2998046875,7183.0,7187.7001953125,978700
2022-02-10,7288.5,7336.60009765625,7260.7998046875,7261.7998046875,873700
2022-02-11,7217.2998046875,7294.39990234375,7191.7998046875,7293.7001953125,629400
2022-02-14,7243.89990234375,7263.60009765625,7181.7001953125,7201.2998046875,749300
2022-02-15,7206.89990234375,7251.39990234375,7198.0,7251.39990234375,730100
2022-02-16,7284.89990234375,7284.89990234375,7201.0,7201.2001953125,796100
2022-02-17,7296.2001953125,7356.7998046875,7282.2998046875,7295.7001953125,846600
2022-02-18,7221.7001953125,7278.60009765625,7201.89990234375,7278.2001953125,764000
2022-02-21,7233.60009765625,7248.7998046875,7156.2998046875,7220.39990234375,712000
2022-02-22,7161.2998046875,7222.7998046875,7108.7998046875,7219.7998046875,863800
2022-02-23,7205.7001953125,7205.7001953125,7145.39990234375,7159.39990234375,788400
2022-02-24,6990.60009765625,7152.89990234375,6959.2998046875,7152.89990234375,1109300
2022-02-25,6997.7998046875,7045.60009765625,6974.89990234375,7000.10009765625,888800
2022-02-28,7049.10009765625,7049.60009765625,6979.39990234375,7022.2001953125,1007600
2022-03-01,7096.5,7159.89990234375,7059.60009765625,7061.0,812800
2022-03-02,7116.7001953125,7121.5,7041.89990234375,7098.7001953125,941000
2022-03-03,7151.39990234375,7198.10009765625,7151.39990234375,7152.2998046875,856200
2022-03-04,7110.7998046875,7147.5,7025.2001953125,7147.5,972300
2022-03-07,7038.60009765625,7133.7001953125,7010.5,7117.89990234375,1017400
2022-03-08,6980.2998046875,7053.5,6980.2998046875,7027.5,973800
2022-03-09,7053.0,7072.0,6968.89990234375,6969.7998046875,1042400
2022-03-10,7130.7998046875,7161.0,7039.7001953125,7039.7001953125,1011400
2022-03-11,7063.60009765625,7151.39990234375,7051.2001953125,7137.89990234375,816800
2022-03-14,7149.39990234375,7149.39990234375,7069.7998046875,7069.7998046875,610100
2022-03-15,7097.39990234375,7121.10009765625,7080.7001953125,7121.10009765625,789000
2022-03-16,7175.2001953125,7180.2001953125,7100.2998046875,7100.5,704800
2022-03-17,7250.7998046875,7296.7998046875,7203.89990234375,7204.5,840800
2022-03-18,7294.39990234375,7294.39990234375,7245.89990234375,7260.0,1543800
2022-03-21,7278.5,7350.39990234375,7278.5,7303.10009765625,563700
2022-03-22,7341.10009765625,7377.2998046875,7312.10009765625,7313.39990234375,661000
2022-03-23,7377.89990234375,7386.89990234375,7329.7998046875,7330.0,579400
2022-03-24,7387.10009765625,7399.39990234375,7356.2001953125,7377.5,648900
2022-03-25,7406.2001953125,7431.2998046875,7387.10009765625,7387.10009765625,679600
2022-03-28,7412.39990234375,7446.7001953125,7412.39990234375,7417.7998046875,567000
2022-03-29,7464.2998046875,7480.89990234375,7409.89990234375,7409.89990234375,651300
2022-03-30,7514.5,7533.10009765625,7468.2998046875,7468.2998046875,713400
2022-03-31,7499.60009765625,7556.60009765625,7499.60009765625,7549.39990234375,825600
2022-04-01,7493.7998046875,7514.0,7476.7001953125,7509.7001953125,653800
2022-04-04,7513.7001953125,7536.7998046875,7508.0,7508.0,572300
2022-04-05,7527.89990234375,7573.39990234375,7509.2998046875,7509.2998046875,606200
2022-04-06,7490.10009765625,7504.0,7437.5,7504.0,713800
2022-04-07,7442.7998046875,7482.2998046875,7437.60009765625,7482.2998046875,644400
2022-04-08,7478.0,7492.2998046875,7453.7998046875,7456.2001953125,610100
2022-04-11,7485.2001953125,7524.89990234375,7471.2998046875,7488.7001953125,552400
2022-04-12,7454.0,7484.0,7430.7998046875,7474.60009765625,579000
2022-04-13,7479.0,7489.0,7459.89990234375,7461.5,646900
2022-04-14,7523.39990234375,7529.2001953125,7485.60009765625,7489.39990234375,683800
2022-04-19,7565.2001953125,7584.89990234375,7523.5,7523.5,585900
2022-04-20,7569.2001953125,7624.7998046875,7564.10009765625,7564.10009765625,640300
2022-04-21,7592.7998046875,7604.7001953125,7560.60009765625,7563.0,602200
2022-04-22,7473.2998046875,7546.2001953125,7455.0,7546.2001953125,749700
2022-04-26,7318.0,7413.2998046875,7290.7998046875,7410.0,847100
2022-04-27,7261.2001953125,7302.2001953125,7233.2998046875,7300.10009765625,827000
2022-04-28,7356.89990234375,7356.89990234375,7298.10009765625,7303.0,729400
2022-04-29,7435.0,7435.0,7360.5,7360.7001953125,748500
2022-05-02,7347.0,7423.2001953125,7301.60009765625,7422.0,565000
2022-05-03,7316.2001953125,7355.2001953125,7299.2998046875,7344.5,580700
2022-05-04,7304.7001953125,7366.7998046875,7299.89990234375,7332.7001953125,726500
2022-05-05,7364.7001953125,7369.10009765625,7313.5,7320.7001953125,808200
2022-05-06,7205.60009765625,7334.7998046875,7161.39990234375,7333.60009765625,861000
2022-05-09,7120.7001953125,7184.5,7092.2998046875,7181.5,692300
2022-05-10,7051.2001953125,7080.89990234375,6939.5,7080.89990234375,939400
2022-05-11,7064.7001953125,7064.7001953125,6991.7998046875,7047.60009765625,702400
2022-05-12,6941.0,7063.39990234375,6930.2001953125,7062.89990234375,801700
2022-05-13,7075.10009765625,7075.10009765625,6946.89990234375,6946.89990234375,725200
2022-05-16,7093.0,7149.5,7082.39990234375,7088.5,582400
2022-05-17,7112.5,7129.5,7097.89990234375,7099.0,630900
2022-05-18,7182.7001953125,7199.0,7143.7998046875,7143.7998046875,658100
2022-05-19,7064.5,7152.39990234375,7037.60009765625,7152.39990234375,771500
2022-05-20,7145.60009765625,7154.60009765625,7081.2001953125,7081.2001953125,698100
2022-05-23,7148.89990234375,7196.0,7135.7998046875,7160.60009765625,559700
2022-05-24,7128.7998046875,7165.7998046875,7114.0,7154.7001953125,925300
2022-05-25,7155.2001953125,7218.60009765625,7134.60009765625,7218.60009765625,649000
2022-05-26,7105.89990234375,7181.39990234375,7105.89990234375,7165.7001953125,598800
2022-05-27,7182.7001953125,7196.7001953125,7128.60009765625,7128.60009765625,562100
2022-05-30,7286.60009765625,7286.60009765625,7204.39990234375,7205.39990234375,637000
2022-05-31,7211.2001953125,7288.39990234375,7211.2001953125,7284.89990234375,1235000
2022-06-01,7234.0,7238.2001953125,7204.39990234375,7210.5,905300
2022-06-02,7175.89990234375,7222.2998046875,7150.5,7221.5,740300
2022-06-03,7238.7998046875,7254.60009765625,7204.5,7204.7998046875,639300
2022-06-06,7206.2998046875,7231.2998046875,7195.2001953125,7230.0,503000
2022-06-07,7095.7001953125,7209.0,7082.2001953125,7209.0,691400
2022-06-08,7121.10009765625,7162.10009765625,7113.0,7133.10009765625,764100
2022-06-09,7019.7001953125,7111.5,7019.7001953125,7110.60009765625,677300
2022-06-10,6932.0,7006.2001953125,6926.89990234375,7004.7998046875,747700
2022-06-14,6686.0,6842.10009765625,6566.10009765625,6842.10009765625,1281900
2022-06-15,6601.0,6680.5,6589.7001953125,6676.2998046875,942000
2022-06-16,6591.10009765625,6671.60009765625,6583.89990234375,6616.60009765625,948200
2022-06-17,6474.7998046875,6553.7001953125,6410.39990234375,6552.0,1732400
2022-06-20,6433.39990234375,6493.39990234375,6407.0,6470.7001953125,857600
2022-06-21,6523.7998046875,6537.7001953125,6448.7001953125,6448.7001953125,884900
2022-06-22,6508.5,6557.7998046875,6493.2001953125,6543.89990234375,914900
2022-06-23,6528.39990234375,6551.7998046875,6495.0,6495.10009765625,906100
2022-06-24,6578.7001953125,6585.10009765625,6501.60009765625,6517.7001953125,829300
2022-06-27,6706.0,6716.10009765625,6603.60009765625,6603.60009765625,897200
2022-06-28,6763.60009765625,6763.60009765625,6709.0,6712.2001953125,754500
2022-06-29,6700.2001953125,6750.2998046875,6666.39990234375,6748.10009765625,789100
2022-06-30,6568.10009765625,6685.10009765625,6568.10009765625,6685.10009765625,880800
2022-07-01,6539.89990234375,6623.89990234375,6539.89990234375,6567.2998046875,633400
2022-07-04,6612.60009765625,6659.0,6544.5,6545.0,574600
2022-07-05,6629.2998046875,6657.0,6596.7998046875,6618.7001953125,532900
2022-07-06,6594.5,6651.60009765625,6587.89990234375,6606.60009765625,752400
2022-07-07,6648.0,6648.0,6594.5,6607.60009765625,700500
2022-07-08,6678.0,6715.0,6671.0,6671.0,586400
2022-07-11,6602.2001953125,6674.39990234375,6602.2001953125,6664.7001953125,551900
2022-07-12,6606.2998046875,6649.7001953125,6601.89990234375,6612.39990234375,618600
2022-07-13,6621.60009765625,6621.60009765625,6584.10009765625,6595.10009765625,673200
2022-07-14,6650.60009765625,6659.2998046875,6611.7001953125,6623.0,735800
2022-07-15,6605.60009765625,6622.2001953125,6537.2001953125,6622.10009765625,629800
2022-07-18,6687.10009765625,6687.10009765625,6612.7998046875,6613.5,528400
2022-07-19,6649.60009765625,6696.10009765625,6639.60009765625,6691.2001953125,659200
2022-07-20,6759.2001953125,6775.39990234375,6661.7998046875,6662.0,746000
2022-07-21,6794.2998046875,6794.2998046875,6743.89990234375,6764.39990234375,834500
2022-07-22,6791.5,6816.10009765625,6758.5,6790.89990234375,822100
2022-07-25,6789.89990234375,6803.0,6775.7001953125,6788.89990234375,594100
2022-07-26,6807.2998046875,6815.0,6783.2001953125,6801.7998046875,619000
2022-07-27,6823.2001953125,6833.39990234375,6778.89990234375,6802.89990234375,626000
2022-07-28,6889.7001953125,6892.10009765625,6833.2001953125,6833.2001953125,721200
2022-07-29,6945.2001953125,6973.60009765625,6902.10009765625,6902.10009765625,919200
2022-08-01,6993.0,6994.10009765625,6947.2998046875,6951.2998046875,668000
2022-08-02,6998.10009765625,7003.7998046875,6944.89990234375,6976.89990234375,625600
2022-08-03,6975.89990234375,6988.2001953125,6918.2001953125,6988.2001953125,672500
2022-08-04,6974.89990234375,7021.10009765625,6974.89990234375,6980.2001953125,704900
2022-08-05,7015.60009765625,7016.60009765625,6969.60009765625,6972.39990234375,589200
2022-08-08,7020.60009765625,7025.89990234375,6985.7998046875,7011.2001953125,687600
2022-08-09,7029.7998046875,7034.2998046875,7012.7998046875,7012.7998046875,762600
2022-08-10,6992.7001953125,7029.7001953125,6985.7001953125,7029.0,698000
2022-08-11,7071.0,7077.10009765625,7009.60009765625,7009.60009765625,772600
2022-08-12,7032.5,7066.10009765625,7012.10009765625,7065.89990234375,647000
2022-08-15,7064.2998046875,7076.0,7040.39990234375,7041.2998046875,585900
2022-08-16,7105.39990234375,7131.60009765625,7083.0,7083.0,663100
2022-08-17,7127.7001953125,7130.5,7082.89990234375,7122.0,764000
2022-08-18,7112.7998046875,7118.7001953125,7081.0,7118.7001953125,739000
2022-08-19,7114.5,7137.5,7107.89990234375,7115.60009765625,692200
2022-08-22,7046.89990234375,7098.89990234375,7031.7001953125,7098.89990234375,658200
2022-08-23,6961.7998046875,7049.5,6961.7998046875,7049.5,731400
2022-08-24,6998.10009765625,7013.7001953125,6977.7998046875,6979.39990234375,754500
2022-08-25,7048.10009765625,7057.7001953125,6992.0,7000.5,772200
2022-08-26,7104.10009765625,7130.0,7060.7001953125,7060.7998046875,658300
2022-08-29,6965.5,7079.10009765625,6943.2001953125,7077.60009765625,705300
2022-08-30,6998.2998046875,7020.0,6967.60009765625,6968.2998046875,724000
2022-08-31,6986.7998046875,6995.0,6937.5,6971.39990234375,957000
2022-09-01,6845.60009765625,6926.7001953125,6836.5,6924.89990234375,825300
2022-09-02,6828.7001953125,6854.89990234375,6820.5,6827.10009765625,632300
2022-09-05,6852.2001953125,6858.0,6822.7998046875,6828.7001953125,563400
2022-09-06,6826.5,6888.5,6826.10009765625,6858.0,677200
2022-09-07,6729.2998046875,6821.2001953125,6719.60009765625,6820.10009765625,872600
2022-09-08,6848.7001953125,6848.7001953125,6731.60009765625,6731.60009765625,799100
2022-09-09,6894.2001953125,6898.5,6853.2001953125,6858.7998046875,809500
2022-09-12,6964.5,6974.89990234375,6922.0,6923.89990234375,582100
2022-09-13,7009.7001953125,7015.2001953125,6974.0,6974.7001953125,784500
2022-09-14,6828.60009765625,7008.2001953125,6808.60009765625,7008.2001953125,1609400
2022-09-15,6842.89990234375,6878.10009765625,6831.0,6831.0,942000
2022-09-16,6739.10009765625,6825.7001953125,6736.2998046875,6825.10009765625,1736200
2022-09-19,6719.89990234375,6753.89990234375,6714.7001953125,6738.2998046875,767500
2022-09-20,6806.39990234375,6808.2998046875,6740.7998046875,6743.7998046875,667600
2022-09-21,6700.2001953125,6786.60009765625,6695.0,6786.60009765625,832400
2022-09-23,6574.7001953125,6709.0,6544.89990234375,6707.2998046875,908200
2022-09-26,6469.39990234375,6544.60009765625,6435.60009765625,6541.5,1093300
2022-09-27,6496.2001953125,6509.5,6472.5,6483.0,1006700
2022-09-28,6462.0,6516.5,6433.10009765625,6510.60009765625,973100
2022-09-29,6555.0,6594.7001953125,6488.39990234375,6488.39990234375,846900
2022-09-30,6474.2001953125,6563.2001953125,6460.60009765625,6563.2001953125,1008100
2022-10-03,6456.89990234375,6503.5,6411.89990234375,6485.60009765625,647000
2022-10-04,6699.2998046875,6699.2998046875,6486.5,6486.5,1010500
2022-10-05,6815.7001953125,6819.7001953125,6719.39990234375,6719.60009765625,1063300
2022-10-06,6817.5,6828.2998046875,6787.39990234375,6815.60009765625,810300
2022-10-07,6762.7998046875,6806.39990234375,6762.7001953125,6805.10009765625,689000
2022-10-10,6667.7998046875,6750.2998046875,6646.7998046875,6750.2998046875,600800
2022-10-11,6645.0,6712.5,6645.0,6685.5,747400
2022-10-12,6647.5,6672.0,6633.0,6647.7998046875,723700
2022-10-13,6642.60009765625,6683.7001953125,6638.89990234375,6641.89990234375,710100
2022-10-14,6758.7998046875,6772.60009765625,6667.7998046875,6668.60009765625,663900
2022-10-17,6664.39990234375,6758.89990234375,6645.2001953125,6758.89990234375,712300
2022-10-18,6779.2001953125,6790.7001953125,6685.2998046875,6685.2998046875,833600
2022-10-19,6800.10009765625,6822.2001953125,6777.5,6778.39990234375,745600
2022-10-20,6730.7001953125,6783.2998046875,6702.10009765625,6783.2998046875,901000
2022-10-21,6676.7998046875,6726.60009765625,6667.60009765625,6726.60009765625,741700
2022-10-24,6779.39990234375,6823.2998046875,6716.5,6716.5,683000
2022-10-25,6798.60009765625,6831.2998046875,6780.39990234375,6780.39990234375,751900
2022-10-26,6810.89990234375,6843.2001953125,6800.7998046875,6809.0,821000
2022-10-27,6845.10009765625,6873.7998046875,6824.2998046875,6829.60009765625,779800
2022-10-28,6785.7001953125,6827.0,6776.0,6827.0,784100
2022-10-31,6863.5,6869.2001953125,6786.7001953125,6786.7001953125,1019200
2022-11-01,6976.89990234375,6976.89990234375,6858.2001953125,6866.5,701300
2022-11-02,6986.7001953125,7011.7001953125,6978.7998046875,6980.7998046875,819400
2022-11-03,6857.89990234375,6953.10009765625,6823.0,6953.10009765625,694100
2022-11-04,6892.5,6895.0,6829.60009765625,6860.60009765625,665500
2022-11-07,6933.7001953125,6943.39990234375,6907.7001953125,6917.10009765625,688800
2022-11-08,6958.89990234375,6968.0,6939.60009765625,6939.60009765625,713000
2022-11-09,6999.2998046875,7012.39990234375,6967.89990234375,6969.2998046875,775500
2022-11-10,6964.0,6988.10009765625,6954.5,6986.0,733000
2022-11-11,7158.0,7170.60009765625,6997.7998046875,7000.10009765625,1162600
2022-11-14,7146.2998046875,7196.5,7146.2998046875,7183.2001953125,978100
2022-11-15,7141.60009765625,7144.0,7114.2001953125,7133.5,937500
2022-11-16,7122.2001953125,7142.5,7102.89990234375,7142.2998046875,742800
2022-11-17,7135.7001953125,7146.89990234375,7107.0,7107.10009765625,744900
2022-11-18,7151.7998046875,7166.2001953125,7137.7001953125,7138.2998046875,762700
2022-11-21,7139.2998046875,7174.39990234375,7131.7001953125,7151.7998046875,598600
2022-11-22,7181.2998046875,7194.10009765625,7139.2998046875,7139.2998046875,677000
2022-11-23,7247.39990234375,7250.7001953125,7231.7998046875,7231.7998046875,68600
2022-11-24,7241.7998046875,7264.60009765625,7231.7998046875,7231.7998046875,593800
2022-11-25,7259.5,7268.5,7239.39990234375,7239.39990234375,552100
2022-11-28,7229.10009765625,7247.39990234375,7216.0,7247.39990234375,699800
2022-11-29,7253.2998046875,7253.60009765625,7200.89990234375,7231.89990234375,680000
2022-11-30,7284.2001953125,7293.7001953125,7222.2998046875,7256.5,1846100
2022-12-01,7354.39990234375,7375.2001953125,7305.7001953125,7306.0,715000
2022-12-02,7301.5,7349.0,7292.7998046875,7342.60009765625,716400
2022-12-05,7325.60009765625,7351.0,7303.89990234375,7316.7998046875,650300
2022-12-06,7291.2998046875,7321.10009765625,7283.0,7315.60009765625,700900
2022-12-07,7229.39990234375,7289.89990234375,7220.60009765625,7289.89990234375,813400
2022-12-08,7175.5,7227.5,7170.0,7225.39990234375,833800
2022-12-09,7213.2001953125,7217.7998046875,7184.10009765625,7186.2998046875,716500
2022-12-12,7180.7998046875,7201.2998046875,7156.5,7199.7998046875,608400
2022-12-13,7203.2998046875,7228.10009765625,7190.2001953125,7192.5,641300
2022-12-14,7251.2998046875,7253.5,7205.7998046875,7208.2001953125,731000
2022-12-15,7204.7998046875,7242.10009765625,7202.60009765625,7242.10009765625,915600
2022-12-16,7148.7001953125,7204.7998046875,7117.60009765625,7204.7998046875,1491200
2022-12-19,7133.89990234375,7152.7001953125,7123.10009765625,7144.39990234375,491300
2022-12-20,7024.2998046875,7124.39990234375,7019.5,7121.0,681300
2022-12-21,7115.10009765625,7139.10009765625,7043.7998046875,7045.0,658500
2022-12-22,7152.5,7167.2001953125,7119.0,7119.39990234375,593900
2022-12-23,7107.7001953125,7152.5,7062.89990234375,7152.5,398000
2022-12-28,7086.39990234375,7124.0,7069.0,7111.60009765625,427500
2022-12-29,7020.10009765625,7074.10009765625,6993.7998046875,7074.10009765625,492200
2022-12-30,7038.7001953125,7073.39990234375,7022.7998046875,7022.7998046875,430700
